,Date,Start Timestamp,End Timestamp,Start Latitude,Start Longitude,End Latitude,End Longitude,Distance,Activity,Confidence
0,2022-01-21,2022-01-21 09:13:23+00:00,2022-01-21 09:20:45.491000+00:00,40.4072887,-3.7037391,40.4118401,-3.7052917,634,WALKING,HIGH
1,2022-01-21,2022-01-21 10:58:40.449000+00:00,2022-01-21 11:23:11.776000+00:00,40.4124269,-3.7045765,40.4083941,-3.6930145,1289,WALKING,HIGH
2,2022-01-21,2022-01-21 11:31:20.770000+00:00,2022-01-21 12:22:11.361000+00:00,40.4095404,-3.6928230,40.4181546,-3.7046289,2670,WALKING,HIGH
3,2022-01-21,2022-01-21 12:29:27.539000+00:00,2022-01-21 12:40:28.366000+00:00,40.4167013,-3.7044784,40.4185364,-3.7098021,607,WALKING,HIGH
4,2022-01-21,2022-01-21 14:40:28.840000+00:00,2022-01-21 14:48:36.275000+00:00,40.4163340,-3.7087356,40.4161470,-3.7032274,499,WALKING,HIGH
5,2022-01-21,2022-01-21 15:11:02.708000+00:00,2022-01-21 15:23:17.340000+00:00,40.4124826,-3.7052800,40.4068630,-3.7047980,735,WALKING,HIGH
6,2022-01-21,2022-01-21 21:08:06+00:00,2022-01-21 21:23:19.568000+00:00,40.4063987,-3.7061337,40.4063743,-3.7111053,678,WALKING,HIGH
7,2022-01-21,2022-01-21 21:30:12.074000+00:00,2022-01-21 21:51:11.379000+00:00,40.4070719,-3.7110282,40.4216969,-3.7000951,1876,IN_SUBWAY,MEDIUM
8,2022-01-21,2022-01-21 22:43:55.781000+00:00,2022-01-21 22:44:41.542000+00:00,40.4209117,-3.7006643,40.4205053,-3.7008911,56,WALKING,MEDIUM
9,2022-01-21,2022-01-21 22:51:35.496000+00:00,2022-01-21 23:03:08.789000+00:00,40.4196130,-3.7019988,40.4046866,-3.7023742,1710,IN_SUBWAY,LOW
10,2022-01-21,2022-01-21 23:03:08.789000+00:00,2022-01-21 23:09:02+00:00,40.4046866,-3.7023742,40.4070342,-3.7037554,372,WALKING,MEDIUM
11,2022-01-22,2022-01-22 13:44:08.923000+00:00,2022-01-22 13:47:11.168000+00:00,40.4072972,-3.7035877,40.4081165,-3.7016807,185,WALKING,HIGH
12,2022-01-22,2022-01-22 15:01:17.101000+00:00,2022-01-22 15:08:20.172000+00:00,40.4081668,-3.7017903,40.4071060,-3.7050640,301,WALKING,HIGH
13,2022-01-22,2022-01-22 18:37:41.763000+00:00,2022-01-22 18:55:14.149000+00:00,40.4071134,-3.7037140,40.4163303,-3.7032468,1114,WALKING,HIGH
14,2022-01-22,2022-01-22 19:06:49.667000+00:00,2022-01-22 19:15:06.142000+00:00,40.4170193,-3.7025161,40.4150713,-3.7079770,518,WALKING,HIGH
15,2022-01-22,2022-01-22 21:09:27.810000+00:00,2022-01-22 21:11:28.943000+00:00,40.4142897,-3.7080342,40.4147567,-3.7081179,52,WALKING,HIGH
16,2022-01-22,2022-01-22 22:51:11.013000+00:00,2022-01-22 22:56:19.785000+00:00,40.4140237,-3.7082006,40.4122329,-3.7103523,385,WALKING,HIGH
17,2022-01-22,2022-01-22 23:16:46.457000+00:00,2022-01-22 23:30:40.420000+00:00,40.4114211,-3.7086879,40.4065479,-3.7058855,1422,WALKING,LOW
18,2022-01-23,2022-01-23 10:01:21.183000+00:00,2022-01-23 10:03:22.127000+00:00,40.4067500,-3.7037008,40.4048706,-3.7030250,216,WALKING,HIGH
19,2022-01-23,2022-01-23 10:19:39.302000+00:00,2022-01-23 10:27:53.034000+00:00,40.4047452,-3.7023520,40.4169562,-3.7034907,1446,IN_SUBWAY,LOW
20,2022-01-23,2022-01-23 10:50:06.995000+00:00,2022-01-23 11:26:53.026000+00:00,40.4170420,-3.7023684,40.6475751,-3.7767919,27428,IN_TRAIN,MEDIUM
21,2022-01-23,2022-01-23 11:26:53.026000+00:00,2022-01-23 13:02:21.169000+00:00,40.6475751,-3.7767919,40.7281215,-3.8622652,12897,IN_PASSENGER_VEHICLE,LOW
22,2022-01-23,2022-01-23 14:45:21.414000+00:00,2022-01-23 15:08:26.906000+00:00,40.7285517,-3.8613424,40.6451826,-3.7766168,11703,IN_PASSENGER_VEHICLE,HIGH
23,2022-01-23,2022-01-23 15:14:42.582000+00:00,2022-01-23 16:04:40.217000+00:00,40.6451826,-3.7766386,40.4050341,-3.7025629,29310,IN_TRAIN,HIGH
24,2022-01-23,2022-01-23 16:04:40.217000+00:00,2022-01-23 16:11:43.507000+00:00,40.4050341,-3.7025629,40.4068535,-3.7049215,540,WALKING,MEDIUM
25,2022-01-24,2022-01-24 08:20:09.490000+00:00,2022-01-24 08:31:43.031000+00:00,40.4077350,-3.7050942,40.4124545,-3.7060508,929,WALKING,HIGH
26,2022-01-24,2022-01-24 11:53:39.382000+00:00,2022-01-24 12:04:53.060000+00:00,40.4127193,-3.7054649,40.4154128,-3.7089272,439,WALKING,HIGH
27,2022-01-24,2022-01-24 12:24:30.962000+00:00,2022-01-24 12:30:37.039000+00:00,40.4150127,-3.7083201,40.4124911,-3.7059601,344,WALKING,HIGH
28,2022-01-24,2022-01-24 16:08:58.974000+00:00,2022-01-24 16:24:19.059000+00:00,40.4129968,-3.7063395,40.4071792,-3.7050133,954,WALKING,HIGH
29,2022-01-24,2022-01-24 17:57:13.035000+00:00,2022-01-24 18:51:03.828000+00:00,40.4071613,-3.7050312,40.4063577,-3.6891931,1940,WALKING,HIGH
30,2022-01-24,2022-01-24 18:57:27.973000+00:00,2022-01-24 19:21:55.483000+00:00,40.4069397,-3.6890392,40.4070212,-3.7050584,1432,WALKING,HIGH
31,2022-01-25,2022-01-25 11:10:58+00:00,2022-01-25 11:20:55.387000+00:00,40.4068260,-3.7038243,40.4040239,-3.7019235,554,WALKING,HIGH
32,2022-01-25,2022-01-25 12:11:39.256000+00:00,2022-01-25 12:20:01.284000+00:00,40.4041841,-3.7017803,40.4067929,-3.7050779,407,WALKING,HIGH
33,2022-01-25,2022-01-25 16:07:20.241000+00:00,2022-01-25 16:16:49.192000+00:00,40.4072260,-3.7037601,40.4066457,-3.6971033,936,WALKING,HIGH
34,2022-01-25,2022-01-25 16:27:40.975000+00:00,2022-01-25 16:37:53.740000+00:00,40.4077071,-3.6934440,40.4123767,-3.7045958,1436,IN_SUBWAY,LOW
35,2022-01-25,2022-01-25 18:54:26+00:00,2022-01-25 19:04:43.681000+00:00,40.4114197,-3.7049005,40.4070255,-3.7050805,723,WALKING,HIGH
36,2022-01-26,2022-01-26 08:25:07.462000+00:00,2022-01-26 08:40:39.251000+00:00,40.4074794,-3.7053937,40.4313004,-3.7068033,2975,IN_PASSENGER_VEHICLE,HIGH
37,2022-01-26,2022-01-26 10:57:41.907000+00:00,2022-01-26 10:58:36+00:00,40.4307472,-3.7069890,40.4297793,-3.7065371,114,WALKING,MEDIUM
38,2022-01-26,2022-01-26 11:04:54.553000+00:00,2022-01-26 11:28:44.525000+00:00,40.4310878,-3.7055958,40.4057981,-3.7068943,3993,IN_SUBWAY,HIGH
39,2022-01-26,2022-01-26 11:39:34.116000+00:00,2022-01-26 11:56:39.055000+00:00,40.4056437,-3.7055958,40.4167312,-3.7041888,1512,IN_SUBWAY,MEDIUM
40,2022-01-26,2022-01-26 12:03:07.479000+00:00,2022-01-26 12:11:21.789000+00:00,40.4161703,-3.7033113,40.4127037,-3.7054502,587,WALKING,MEDIUM
41,2022-01-26,2022-01-26 13:51:15.445000+00:00,2022-01-26 13:53:18.998000+00:00,40.4123965,-3.7045500,40.4124502,-3.7036970,73,WALKING,HIGH
42,2022-01-26,2022-01-26 14:24:33.039000+00:00,2022-01-26 14:26:34.474000+00:00,40.4124926,-3.7038702,40.4126850,-3.7053498,127,WALKING,HIGH
43,2022-01-26,2022-01-26 16:13:28.426000+00:00,2022-01-26 16:23:20.397000+00:00,40.4119917,-3.7073667,40.4069707,-3.7050611,608,WALKING,HIGH
44,2022-01-27,2022-01-27 09:22:36+00:00,2022-01-27 09:31:01.384000+00:00,40.4074014,-3.7039384,40.4125341,-3.7059244,762,WALKING,HIGH
45,2022-01-27,2022-01-27 14:03:14.173000+00:00,2022-01-27 14:07:26+00:00,40.4130446,-3.7066021,40.4127075,-3.7089260,293,WALKING,HIGH
46,2022-01-27,2022-01-27 15:30:28.033000+00:00,2022-01-27 15:31:37+00:00,40.4126107,-3.7089092,40.4126283,-3.7084589,114,WALKING,HIGH
47,2022-01-27,2022-01-27 15:46:20+00:00,2022-01-27 15:50:48.633000+00:00,40.4107736,-3.7074186,40.4083508,-3.7047449,625,WALKING,HIGH
48,2022-01-27,2022-01-27 18:19:29.916000+00:00,2022-01-27 18:25:06.884000+00:00,40.4088480,-3.7052216,40.4111193,-3.7071759,301,WALKING,HIGH
49,2022-01-27,2022-01-27 18:44:57.238000+00:00,2022-01-27 18:57:22.158000+00:00,40.4114193,-3.7072546,40.4070275,-3.7050124,565,WALKING,HIGH
50,2022-01-27,2022-01-27 21:11:08.774000+00:00,2022-01-27 21:32:11.788000+00:00,40.4066604,-3.7056683,40.4197961,-3.7015985,2449,WALKING,LOW
51,2022-01-27,2022-01-27 23:06:16.364000+00:00,2022-01-27 23:16:27.381000+00:00,40.4173776,-3.7040756,40.4070042,-3.7043921,1153,WALKING,LOW
52,2022-01-28,2022-01-28 07:53:11+00:00,2022-01-28 08:07:01.463000+00:00,40.4068504,-3.7036346,40.4241051,-3.7123680,2536,IN_SUBWAY,LOW
53,2022-01-28,2022-01-28 08:28:15.089000+00:00,2022-01-28 09:58:12.090000+00:00,40.4241460,-3.7124109,40.9547383,-4.1339839,71739,IN_BUS,LOW
54,2022-01-28,2022-01-28 15:26:49.167000+00:00,2022-01-28 17:03:58.075000+00:00,40.9480324,-4.1172904,40.4068870,-3.7050087,70442,IN_BUS,LOW
55,2022-01-29,2022-01-29 13:09:41.830000+00:00,2022-01-29 13:12:47.752000+00:00,40.4064159,-3.7059869,40.4054725,-3.7071371,235,WALKING,HIGH
56,2022-01-29,2022-01-29 14:44:56.513000+00:00,2022-01-29 15:19:47+00:00,40.4054494,-3.7069206,40.4106533,-3.6866053,2245,IN_SUBWAY,LOW
57,2022-01-29,2022-01-29 16:48:50.943000+00:00,2022-01-29 17:21:02.355000+00:00,40.4185412,-3.6789550,40.4068528,-3.7049655,4406,IN_SUBWAY,MEDIUM
58,2022-01-29,2022-01-29 21:22:22.672000+00:00,2022-01-29 21:40:51.244000+00:00,40.4070685,-3.7036672,40.4136795,-3.6998227,852,WALKING,HIGH
59,2022-01-29,2022-01-29 22:03:51.993000+00:00,2022-01-29 22:24:21.274000+00:00,40.4136621,-3.6997999,40.4217202,-3.7001299,927,WALKING,HIGH
60,2022-01-29,2022-01-29 22:33:54.769000+00:00,2022-01-29 23:00:10.563000+00:00,40.4217591,-3.7001973,40.4070726,-3.7039818,1934,WALKING,LOW
61,2022-01-30,2022-01-30 12:00:14.213000+00:00,2022-01-30 12:13:02.682000+00:00,40.4067419,-3.7051912,40.4072882,-3.7072721,262,WALKING,HIGH
62,2022-01-30,2022-01-30 13:38:33.591000+00:00,2022-01-30 13:51:02.641000+00:00,40.4086519,-3.7049970,40.4156298,-3.7069399,822,WALKING,HIGH
63,2022-01-30,2022-01-30 14:08:18.684000+00:00,2022-01-30 14:14:26.372000+00:00,40.4162516,-3.7068484,40.4164170,-3.7050270,155,WALKING,HIGH
64,2022-01-30,2022-01-30 14:37:29.857000+00:00,2022-01-30 14:50:55.175000+00:00,40.4167231,-3.7042490,40.4068689,-3.7050127,1703,IN_SUBWAY,LOW
65,2022-01-30,2022-01-30 14:56:34.002000+00:00,2022-01-30 15:16:18.411000+00:00,40.4067599,-3.7051583,40.4204628,-3.6868170,3351,IN_SUBWAY,MEDIUM
66,2022-01-30,2022-01-30 16:54:19.687000+00:00,2022-01-30 17:27:42.591000+00:00,40.4125159,-3.6778695,40.4139101,-3.6985911,2983,IN_SUBWAY,LOW
67,2022-01-30,2022-01-30 18:04:10.279000+00:00,2022-01-30 18:29:28.498000+00:00,40.4136618,-3.6989383,40.4070570,-3.7050291,2584,IN_SUBWAY,MEDIUM
68,2022-01-31,2022-01-31 08:44:05+00:00,2022-01-31 08:59:17.992000+00:00,40.4072478,-3.7039074,40.4124596,-3.7059738,697,WALKING,HIGH
69,2022-01-31,2022-01-31 16:10:13.409000+00:00,2022-01-31 16:21:15.902000+00:00,40.4119837,-3.7054598,40.4067916,-3.7050843,747,WALKING,HIGH
70,2022-02-01,2022-02-01 16:44:04.876000+00:00,2022-02-01 16:59:33.744000+00:00,40.4074336,-3.7034177,40.4201527,-3.7049417,1855,IN_SUBWAY,LOW
71,2022-02-01,2022-02-01 17:51:37.267000+00:00,2022-02-01 18:14:07.979000+00:00,40.4203874,-3.7048629,40.4068984,-3.7050862,2089,IN_SUBWAY,LOW
72,2022-02-01,2022-02-01 20:49:02.254000+00:00,2022-02-01 21:07:25.857000+00:00,40.4070443,-3.7042194,40.4191669,-3.7019456,1645,IN_SUBWAY,MEDIUM
73,2022-02-01,2022-02-01 21:34:30.477000+00:00,2022-02-01 21:39:49.262000+00:00,40.4199820,-3.7017014,40.4170202,-3.7031674,351,WALKING,HIGH
74,2022-02-01,2022-02-01 21:53:10.173000+00:00,2022-02-01 22:05:29.277000+00:00,40.4172711,-3.7040244,40.4069414,-3.7045767,1712,IN_SUBWAY,MEDIUM
75,2022-02-02,2022-02-02 08:14:44.779000+00:00,2022-02-02 08:24:17.701000+00:00,40.4069852,-3.7041511,40.4120391,-3.7053973,745,WALKING,HIGH
76,2022-02-02,2022-02-02 10:03:28.917000+00:00,2022-02-02 10:28:34.103000+00:00,40.4121719,-3.7050935,40.4151808,-3.6923800,1333,IN_SUBWAY,LOW
77,2022-02-02,2022-02-02 12:12:46.927000+00:00,2022-02-02 12:25:01.418000+00:00,40.4132816,-3.6928236,40.4123743,-3.7045521,1718,IN_SUBWAY,LOW
78,2022-02-02,2022-02-02 16:03:42.544000+00:00,2022-02-02 16:16:43.154000+00:00,40.4127859,-3.7056465,40.4069141,-3.7050788,701,WALKING,HIGH
79,2022-02-03,2022-02-03 09:18:32.850000+00:00,2022-02-03 09:32:04.860000+00:00,40.4068161,-3.7048391,40.4123976,-3.7059896,684,WALKING,HIGH
80,2022-02-03,2022-02-03 12:02:58.063000+00:00,2022-02-03 12:22:43.548000+00:00,40.4127806,-3.7056446,40.4313220,-3.7167650,3398,IN_SUBWAY,HIGH
81,2022-02-03,2022-02-03 12:31:19.920000+00:00,2022-02-03 12:38:21.804000+00:00,40.4320426,-3.7167883,40.4463515,-3.7193778,2179,IN_BUS,LOW
82,2022-02-03,2022-02-03 12:44:01.174000+00:00,2022-02-03 12:59:56.045000+00:00,40.4467460,-3.7179384,40.4410813,-3.7150854,947,WALKING,MEDIUM
83,2022-02-03,2022-02-03 14:03:03.277000+00:00,2022-02-03 14:15:13.165000+00:00,40.4413802,-3.7146846,40.4454594,-3.7171203,762,WALKING,HIGH
84,2022-02-03,2022-02-03 14:21:35.784000+00:00,2022-02-03 14:23:48.534000+00:00,40.4465068,-3.7184176,40.4463540,-3.7193785,91,WALKING,LOW
85,2022-02-03,2022-02-03 14:23:48.534000+00:00,2022-02-03 14:40:41.382000+00:00,40.4463540,-3.7193785,40.4174582,-3.7041579,3634,IN_SUBWAY,MEDIUM
86,2022-02-03,2022-02-03 14:58:13.173000+00:00,2022-02-03 15:12:46.489000+00:00,40.4171458,-3.7037621,40.4068869,-3.7042510,1730,IN_SUBWAY,MEDIUM
87,2022-02-03,2022-02-03 19:51:34.906000+00:00,2022-02-03 20:04:41.253000+00:00,40.4078069,-3.7042913,40.4150966,-3.7074688,1213,WALKING,HIGH
88,2022-02-03,2022-02-03 21:12:04.196000+00:00,2022-02-03 21:30:06.525000+00:00,40.4156108,-3.7072679,40.4147785,-3.7027996,742,WALKING,HIGH
89,2022-02-03,2022-02-03 21:36:34.538000+00:00,2022-02-03 22:13:49.470000+00:00,40.4141767,-3.7032783,40.4068210,-3.7050327,3957,WALKING,LOW
90,2022-02-04,2022-02-04 10:44:11.302000+00:00,2022-02-04 10:55:33.838000+00:00,40.4068837,-3.7050491,40.4087236,-3.6992839,600,WALKING,HIGH
91,2022-02-04,2022-02-04 12:04:52.139000+00:00,2022-02-04 12:19:01.096000+00:00,40.4084030,-3.6995857,40.4055744,-3.7070124,1321,WALKING,HIGH
92,2022-02-04,2022-02-04 13:25:35.494000+00:00,2022-02-04 13:31:39.771000+00:00,40.4046205,-3.7068542,40.4068054,-3.7050431,291,WALKING,HIGH
93,2022-02-04,2022-02-04 15:58:45.997000+00:00,2022-02-04 16:11:11.541000+00:00,40.4069896,-3.7037598,40.4115710,-3.7102039,763,WALKING,HIGH
94,2022-02-04,2022-02-04 17:08:50.443000+00:00,2022-02-04 17:38:01.555000+00:00,40.4115283,-3.7100949,40.4069066,-3.7050598,3154,IN_SUBWAY,MEDIUM
95,2022-02-04,2022-02-04 20:36:55.684000+00:00,2022-02-04 20:54:05.394000+00:00,40.4073692,-3.7039561,40.4124758,-3.7085299,909,WALKING,HIGH
96,2022-02-04,2022-02-04 21:32:54.238000+00:00,2022-02-04 21:45:45.678000+00:00,40.4129260,-3.7074518,40.4153674,-3.7085453,424,WALKING,HIGH
97,2022-02-04,2022-02-04 22:10:33.978000+00:00,2022-02-04 22:43:14.266000+00:00,40.4154032,-3.7087423,40.4070462,-3.7050873,1623,WALKING,HIGH
98,2022-02-05,2022-02-05 17:34:37.189000+00:00,2022-02-05 17:48:08.060000+00:00,40.4078701,-3.7042755,40.4151203,-3.7075794,1288,WALKING,HIGH
99,2022-02-05,2022-02-05 18:17:05.378000+00:00,2022-02-05 18:32:32.056000+00:00,40.4152735,-3.7057825,40.4079682,-3.7044247,1256,WALKING,HIGH
100,2022-02-06,2022-02-06 13:02:51.137000+00:00,2022-02-06 13:18:16.656000+00:00,40.4082337,-3.7045641,40.4122283,-3.7103774,790,WALKING,HIGH
101,2022-02-06,2022-02-06 14:39:33.398000+00:00,2022-02-06 14:42:49.825000+00:00,40.4116834,-3.7104422,40.4113482,-3.7086067,159,WALKING,HIGH
102,2022-02-06,2022-02-06 14:47:23.104000+00:00,2022-02-06 14:57:47.404000+00:00,40.4113972,-3.7088187,40.4298536,-3.7053659,2138,IN_SUBWAY,HIGH
103,2022-02-06,2022-02-06 14:57:47.404000+00:00,2022-02-06 15:04:45.292000+00:00,40.4298536,-3.7053659,40.4313821,-3.7068229,209,WALKING,MEDIUM
104,2022-02-06,2022-02-06 16:30:12.378000+00:00,2022-02-06 16:36:51.032000+00:00,40.4312376,-3.7072053,40.4294770,-3.7054752,244,WALKING,HIGH
105,2022-02-06,2022-02-06 16:43:25.180000+00:00,2022-02-06 16:49:23.131000+00:00,40.4300689,-3.7057171,40.4240560,-3.7098095,753,IN_SUBWAY,HIGH
106,2022-02-06,2022-02-06 16:55:34.569000+00:00,2022-02-06 17:09:54.965000+00:00,40.4238511,-3.7114486,40.4068543,-3.7050716,2672,IN_SUBWAY,HIGH
107,2022-02-07,2022-02-07 08:48:08.093000+00:00,2022-02-07 08:57:37.637000+00:00,40.4072869,-3.7038684,40.4127261,-3.7055505,798,WALKING,HIGH
108,2022-02-07,2022-02-07 15:57:44.606000+00:00,2022-02-07 16:11:23.588000+00:00,40.4127387,-3.7055305,40.4071138,-3.7050479,736,WALKING,HIGH
109,2022-02-08,2022-02-08 14:12:28.068000+00:00,2022-02-08 14:24:50.558000+00:00,40.4077380,-3.7051140,40.4147812,-3.7075757,1329,WALKING,HIGH
110,2022-02-08,2022-02-08 15:39:44.564000+00:00,2022-02-08 15:51:20.631000+00:00,40.4162332,-3.7071362,40.4170262,-3.7030321,361,WALKING,HIGH
111,2022-02-08,2022-02-08 16:14:45.657000+00:00,2022-02-08 16:21:58.934000+00:00,40.4169860,-3.7027564,40.4046978,-3.7024921,1366,IN_SUBWAY,LOW
112,2022-02-08,2022-02-08 16:30:02.219000+00:00,2022-02-08 16:42:44.674000+00:00,40.4049870,-3.7014889,40.4070183,-3.7050966,382,WALKING,MEDIUM
113,2022-02-09,2022-02-09 08:19:32.557000+00:00,2022-02-09 08:27:43.357000+00:00,40.4078330,-3.7042134,40.4127015,-3.7054168,708,WALKING,HIGH
114,2022-02-09,2022-02-09 10:08:10.286000+00:00,2022-02-09 10:27:44.049000+00:00,40.4127534,-3.7055498,40.4143622,-3.6929374,1868,WALKING,LOW
115,2022-02-09,2022-02-09 11:57:30.344000+00:00,2022-02-09 12:16:45.598000+00:00,40.4149831,-3.6923815,40.4124002,-3.7051120,1946,IN_SUBWAY,LOW
116,2022-02-09,2022-02-09 16:16:50.828000+00:00,2022-02-09 16:28:51.330000+00:00,40.4116531,-3.7052151,40.4071141,-3.7050712,662,WALKING,HIGH
117,2022-02-09,2022-02-09 20:23:28.394000+00:00,2022-02-09 20:29:29.207000+00:00,40.4062132,-3.7051222,40.4074816,-3.7072410,767,WALKING,HIGH
118,2022-02-09,2022-02-09 21:14:06.991000+00:00,2022-02-09 21:19:54.975000+00:00,40.4076718,-3.7073459,40.4068120,-3.7050020,220,WALKING,HIGH
119,2022-02-10,2022-02-10 09:18:28.012000+00:00,2022-02-10 09:30:57.718000+00:00,40.4072346,-3.7038565,40.4126469,-3.7058889,650,WALKING,HIGH
120,2022-02-10,2022-02-10 12:21:44.311000+00:00,2022-02-10 12:34:37.375000+00:00,40.4123743,-3.7045721,40.4464350,-3.7037710,3897,IN_SUBWAY,MEDIUM
121,2022-02-10,2022-02-10 12:41:02.858000+00:00,2022-02-10 12:43:46.437000+00:00,40.4470943,-3.7044720,40.4463363,-3.7192595,1257,IN_SUBWAY,MEDIUM
122,2022-02-10,2022-02-10 12:49:58.152000+00:00,2022-02-10 13:00:04.605000+00:00,40.4466997,-3.7176327,40.4419041,-3.7148301,879,WALKING,HIGH
123,2022-02-10,2022-02-10 14:13:44.872000+00:00,2022-02-10 14:29:45.735000+00:00,40.4410656,-3.7146562,40.4463377,-3.7193179,1054,WALKING,HIGH
124,2022-02-10,2022-02-10 14:29:45.735000+00:00,2022-02-10 14:33:56.238000+00:00,40.4463377,-3.7193179,40.4467484,-3.7042960,1272,IN_SUBWAY,MEDIUM
125,2022-02-10,2022-02-10 14:39:14.233000+00:00,2022-02-10 15:15:54.291000+00:00,40.4467622,-3.7042735,40.4068630,-3.7051572,8948,IN_SUBWAY,MEDIUM
126,2022-02-10,2022-02-10 17:06:52.019000+00:00,2022-02-10 17:23:53.672000+00:00,40.4068955,-3.7046135,40.4260289,-3.7009408,2671,IN_SUBWAY,MEDIUM
127,2022-02-10,2022-02-10 18:22:27.315000+00:00,2022-02-10 18:42:07.163000+00:00,40.4258983,-3.7006967,40.4139141,-3.6986043,1725,IN_SUBWAY,LOW
128,2022-02-10,2022-02-10 19:15:19.701000+00:00,2022-02-10 19:34:08.255000+00:00,40.4136809,-3.6991416,40.4070676,-3.7039694,1012,WALKING,HIGH
129,2022-02-11,2022-02-11 12:35:42.217000+00:00,2022-02-11 12:53:16.156000+00:00,40.4056076,-3.7058083,40.4112513,-3.7125681,1474,WALKING,HIGH
130,2022-02-11,2022-02-11 14:25:53.201000+00:00,2022-02-11 14:44:18.054000+00:00,40.4113839,-3.7125284,40.4119291,-3.6994730,2028,WALKING,HIGH
131,2022-02-11,2022-02-11 20:42:26.465000+00:00,2022-02-11 21:10:04.396000+00:00,40.4072913,-3.7036614,40.4053835,-3.7017461,1249,WALKING,HIGH
132,2022-02-11,2022-02-11 21:29:41.202000+00:00,2022-02-11 21:41:58.834000+00:00,40.4051113,-3.7031895,40.4079109,-3.7073585,470,WALKING,HIGH
133,2022-02-11,2022-02-11 22:19:29.161000+00:00,2022-02-11 22:25:40.961000+00:00,40.4081258,-3.7073298,40.4067779,-3.7050462,244,WALKING,HIGH
134,2022-02-12,2022-02-12 09:28:51.526000+00:00,2022-02-12 09:36:01.095000+00:00,40.4065234,-3.7034644,40.4047299,-3.7025016,220,WALKING,HIGH
135,2022-02-12,2022-02-12 09:36:01.095000+00:00,2022-02-12 10:02:55.638000+00:00,40.4047299,-3.7025016,40.4462223,-3.7123941,5602,IN_SUBWAY,LOW
136,2022-02-12,2022-02-12 10:14:36.131000+00:00,2022-02-12 10:27:46.900000+00:00,40.4464876,-3.7135022,40.4951185,-3.7254873,5574,IN_SUBWAY,HIGH
137,2022-02-12,2022-02-12 10:34:43.019000+00:00,2022-02-12 11:12:29.997000+00:00,40.4951528,-3.7257016,40.4938047,-3.7319258,930,WALKING,LOW
138,2022-02-12,2022-02-12 11:12:29.997000+00:00,2022-02-12 11:51:14.840000+00:00,40.4938047,-3.7319258,40.5853255,-4.1322885,36761,IN_TRAIN,HIGH
139,2022-02-12,2022-02-12 12:17:58.375000+00:00,2022-02-12 12:32:17.228000+00:00,40.5876706,-4.1355436,40.5907123,-4.1465839,1087,WALKING,HIGH
140,2022-02-12,2022-02-12 14:03:13.679000+00:00,2022-02-12 14:11:30.982000+00:00,40.5914431,-4.1473201,40.5898005,-4.1477625,186,WALKING,HIGH
141,2022-02-12,2022-02-12 14:43:04.854000+00:00,2022-02-12 16:00:07.886000+00:00,40.5903945,-4.1480175,40.5890182,-4.1494088,453,UNKNOWN_ACTIVITY_TYPE,LOW
142,2022-02-12,2022-02-12 16:19:02.217000+00:00,2022-02-12 16:58:42.028000+00:00,40.5881639,-4.1483374,40.5853978,-4.1340090,1640,WALKING,HIGH
143,2022-02-12,2022-02-12 17:09:49.275000+00:00,2022-02-12 18:27:15.556000+00:00,40.5856450,-4.1321288,40.4048730,-3.7023581,51674,IN_TRAIN,HIGH
144,2022-02-12,2022-02-12 18:27:15.556000+00:00,2022-02-12 18:36:39.752000+00:00,40.4048730,-3.7023581,40.4071182,-3.7050332,355,WALKING,MEDIUM
145,2022-02-12,2022-02-12 20:44:04.492000+00:00,2022-02-12 21:01:55.440000+00:00,40.4074109,-3.7039551,40.4162492,-3.7071613,1309,WALKING,HIGH
146,2022-02-12,2022-02-12 21:49:36.385000+00:00,2022-02-12 22:03:58.555000+00:00,40.4152608,-3.7077045,40.4078250,-3.7044119,892,WALKING,HIGH
147,2022-02-13,2022-02-13 13:16:30.628000+00:00,2022-02-13 13:21:40.371000+00:00,40.4081372,-3.7034112,40.4112822,-3.7049985,704,WALKING,HIGH
148,2022-02-13,2022-02-13 14:21:13.144000+00:00,2022-02-13 14:33:55.469000+00:00,40.4119857,-3.7053505,40.4046701,-3.7023859,860,WALKING,HIGH
149,2022-02-13,2022-02-13 14:47:39.934000+00:00,2022-02-13 14:54:20.966000+00:00,40.4053284,-3.7016230,40.4067904,-3.7050641,334,WALKING,HIGH
150,2022-02-14,2022-02-14 08:49:04.544000+00:00,2022-02-14 08:58:30.384000+00:00,40.4079318,-3.7041540,40.4124751,-3.7059297,793,WALKING,HIGH
151,2022-02-14,2022-02-14 16:03:32.083000+00:00,2022-02-14 16:17:01.011000+00:00,40.4127170,-3.7055062,40.4070915,-3.7050724,690,WALKING,HIGH
152,2022-02-14,2022-02-14 20:17:22.188000+00:00,2022-02-14 20:46:06.428000+00:00,40.4069808,-3.7042741,40.4172324,-3.7040949,1386,WALKING,HIGH
153,2022-02-14,2022-02-14 21:05:41.288000+00:00,2022-02-14 21:25:42.649000+00:00,40.4170664,-3.7038755,40.4076525,-3.7040988,1282,WALKING,HIGH
154,2022-02-15,2022-02-15 14:07:16.614000+00:00,2022-02-15 14:09:37.543000+00:00,40.4065424,-3.7058653,40.4058282,-3.7069433,265,WALKING,HIGH
155,2022-02-15,2022-02-15 15:20:28.365000+00:00,2022-02-15 15:26:42.076000+00:00,40.4046738,-3.7068632,40.4069069,-3.7050257,293,WALKING,HIGH
156,2022-02-16,2022-02-16 08:18:42.482000+00:00,2022-02-16 08:28:49.659000+00:00,40.4079154,-3.7041533,40.4124158,-3.7060311,751,WALKING,HIGH
157,2022-02-16,2022-02-16 10:07:56.930000+00:00,2022-02-16 10:33:59.046000+00:00,40.4121981,-3.7052202,40.4151033,-3.6922350,1219,WALKING,HIGH
158,2022-02-16,2022-02-16 11:42:42.659000+00:00,2022-02-16 12:06:45.187000+00:00,40.4144827,-3.6924395,40.4099783,-3.7042377,1383,WALKING,HIGH
159,2022-02-16,2022-02-16 12:17:48.588000+00:00,2022-02-16 12:31:27.758000+00:00,40.4089510,-3.7035580,40.4124263,-3.7059668,437,WALKING,HIGH
160,2022-02-16,2022-02-16 16:30:24.651000+00:00,2022-02-16 16:42:27.485000+00:00,40.4121043,-3.7053665,40.4071127,-3.7050315,647,WALKING,HIGH
161,2022-02-17,2022-02-17 09:20:54.365000+00:00,2022-02-17 09:34:07.300000+00:00,40.4069053,-3.7048382,40.4124133,-3.7060426,665,WALKING,HIGH
162,2022-02-17,2022-02-17 13:59:26.367000+00:00,2022-02-17 14:09:31.264000+00:00,40.4128618,-3.7048881,40.4151300,-3.7013057,581,WALKING,HIGH
163,2022-02-17,2022-02-17 15:07:17.638000+00:00,2022-02-17 15:12:19.400000+00:00,40.4160366,-3.7023537,40.4169531,-3.7054617,591,WALKING,HIGH
164,2022-02-17,2022-02-17 15:21:53.997000+00:00,2022-02-17 15:36:29.587000+00:00,40.4168265,-3.7047548,40.4068253,-3.7049456,1697,IN_SUBWAY,LOW
165,2022-02-17,2022-02-17 17:06:27.562000+00:00,2022-02-17 17:35:38.967000+00:00,40.4069154,-3.7047935,40.4171815,-3.7070917,2013,IN_SUBWAY,LOW
166,2022-02-17,2022-02-17 17:53:17.603000+00:00,2022-02-17 18:03:44.249000+00:00,40.4170927,-3.7059235,40.4202177,-3.7051276,638,WALKING,HIGH
167,2022-02-17,2022-02-17 18:26:15.464000+00:00,2022-02-17 18:43:25.973000+00:00,40.4200636,-3.7037874,40.4068692,-3.7050363,2311,IN_SUBWAY,LOW
168,2022-02-17,2022-02-17 21:38:29.758000+00:00,2022-02-17 21:49:40.638000+00:00,40.4070698,-3.7040460,40.4048500,-3.7023801,315,WALKING,LOW
169,2022-02-17,2022-02-17 21:49:40.638000+00:00,2022-02-17 21:53:57.014000+00:00,40.4048500,-3.7023801,40.4203080,-3.7063381,1781,IN_SUBWAY,HIGH
170,2022-02-17,2022-02-17 22:01:58.657000+00:00,2022-02-17 22:07:03.308000+00:00,40.4202605,-3.7058329,40.4224729,-3.6976251,737,IN_SUBWAY,HIGH
171,2022-02-17,2022-02-17 23:27:24.098000+00:00,2022-02-17 23:46:08.395000+00:00,40.4225801,-3.6975555,40.4070132,-3.7040130,2722,IN_SUBWAY,MEDIUM
172,2022-02-18,2022-02-18 14:06:24.545000+00:00,2022-02-18 14:12:19.111000+00:00,40.4069762,-3.7037466,40.4047990,-3.7024886,578,WALKING,MEDIUM
173,2022-02-18,2022-02-18 14:12:19.111000+00:00,2022-02-18 14:23:44.738000+00:00,40.4047990,-3.7024886,40.4159964,-3.7022924,1637,IN_SUBWAY,MEDIUM
174,2022-02-18,2022-02-18 15:16:21.069000+00:00,2022-02-18 15:24:16.963000+00:00,40.4163640,-3.7022558,40.4160815,-3.7069626,467,WALKING,HIGH
175,2022-02-18,2022-02-18 15:40:40.155000+00:00,2022-02-18 15:53:31.919000+00:00,40.4156160,-3.7071127,40.4119176,-3.6982438,1073,WALKING,LOW
176,2022-02-18,2022-02-18 15:59:57.675000+00:00,2022-02-18 16:14:40.497000+00:00,40.4114713,-3.6988932,40.4070690,-3.7040778,902,WALKING,HIGH
177,2022-02-18,2022-02-18 19:47:05.770000+00:00,2022-02-18 19:54:18.244000+00:00,40.4076800,-3.7041506,40.4110421,-3.7004648,556,WALKING,HIGH
178,2022-02-18,2022-02-18 22:10:16.951000+00:00,2022-02-18 22:15:35.837000+00:00,40.4113797,-3.7003281,40.4093057,-3.7009950,254,WALKING,HIGH
179,2022-02-18,2022-02-18 23:06:29.715000+00:00,2022-02-18 23:11:56.707000+00:00,40.4092859,-3.7009775,40.4072987,-3.7039274,336,WALKING,HIGH
180,2022-02-19,2022-02-19 13:15:26.841000+00:00,2022-02-19 13:27:39.951000+00:00,40.4079045,-3.7043699,40.4117424,-3.7136581,975,WALKING,HIGH
181,2022-02-19,2022-02-19 14:47:03.603000+00:00,2022-02-19 15:01:26.615000+00:00,40.4115781,-3.7122614,40.4074740,-3.7039678,914,WALKING,HIGH
182,2022-02-19,2022-02-19 18:49:17.261000+00:00,2022-02-19 18:57:25.850000+00:00,40.4070197,-3.7043553,40.4047243,-3.7024880,330,WALKING,HIGH
183,2022-02-19,2022-02-19 18:57:25.850000+00:00,2022-02-19 19:09:34.814000+00:00,40.4047243,-3.7024880,40.4225497,-3.6976325,2522,IN_SUBWAY,HIGH
184,2022-02-19,2022-02-19 20:24:34.006000+00:00,2022-02-19 20:46:52.667000+00:00,40.4225948,-3.6976240,40.4373474,-3.6814527,2307,IN_SUBWAY,LOW
185,2022-02-20,2022-02-20 11:02:55.371000+00:00,2022-02-20 11:09:16.412000+00:00,40.4368347,-3.6817654,40.4333290,-3.6821264,393,WALKING,HIGH
186,2022-02-20,2022-02-20 11:15:36.881000+00:00,2022-02-20 11:36:26.841000+00:00,40.4327729,-3.6823761,40.4160914,-3.7054912,3257,IN_SUBWAY,LOW
187,2022-02-20,2022-02-20 12:50:06.728000+00:00,2022-02-20 12:50:52.728000+00:00,40.4163784,-3.7050930,40.4167185,-3.7046586,74,WALKING,HIGH
188,2022-02-20,2022-02-20 12:57:47.040000+00:00,2022-02-20 13:10:13.979000+00:00,40.4171845,-3.7039101,40.4070896,-3.7041749,1703,IN_SUBWAY,MEDIUM
189,2022-02-20,2022-02-20 16:24:22.749000+00:00,2022-02-20 16:28:38.924000+00:00,40.4068744,-3.7050329,40.4049188,-3.7022334,344,WALKING,HIGH
190,2022-02-20,2022-02-20 19:16:51.782000+00:00,2022-02-20 19:20:39.846000+00:00,40.4048342,-3.7026026,40.4069507,-3.7045208,321,WALKING,HIGH
191,2022-02-21,2022-02-21 08:45:38.767000+00:00,2022-02-21 08:54:36.284000+00:00,40.4073731,-3.7038434,40.4121899,-3.7052624,767,WALKING,HIGH
192,2022-02-21,2022-02-21 16:11:41.695000+00:00,2022-02-21 16:19:05.859000+00:00,40.4117607,-3.7052433,40.4075794,-3.7040453,531,WALKING,HIGH
193,2022-02-22,2022-02-22 11:52:20.045000+00:00,2022-02-22 11:54:26.549000+00:00,40.4069016,-3.7036755,40.4053313,-3.7029844,186,WALKING,HIGH
194,2022-02-22,2022-02-22 12:03:14.816000+00:00,2022-02-22 12:09:14.860000+00:00,40.4046975,-3.7025498,40.4040691,-3.7062889,382,WALKING,HIGH
195,2022-02-22,2022-02-22 13:30:32.460000+00:00,2022-02-22 13:40:37.208000+00:00,40.4043833,-3.7067452,40.4041603,-3.7053049,600,WALKING,HIGH
196,2022-02-22,2022-02-22 13:40:37.208000+00:00,2022-02-22 14:17:53.026000+00:00,40.4041603,-3.7053049,40.4431998,-3.6165045,10154,IN_SUBWAY,MEDIUM
197,2022-02-22,2022-02-22 14:17:53.026000+00:00,2022-02-22 14:26:00.750000+00:00,40.4431998,-3.6165045,40.4386666,-3.6193333,593,WALKING,MEDIUM
198,2022-02-22,2022-02-22 16:47:13.801000+00:00,2022-02-22 17:01:23.312000+00:00,40.4382243,-3.6193929,40.4433708,-3.6179066,723,WALKING,MEDIUM
199,2022-02-22,2022-02-22 17:01:23.312000+00:00,2022-02-22 17:38:43.672000+00:00,40.4433708,-3.6179066,40.4069200,-3.7038230,10119,IN_SUBWAY,MEDIUM
200,2022-02-22,2022-02-22 21:10:53.065000+00:00,2022-02-22 21:16:34.578000+00:00,40.4069246,-3.7036548,40.4047014,-3.7025114,286,WALKING,LOW
201,2022-02-22,2022-02-22 21:16:34.578000+00:00,2022-02-22 21:23:39.558000+00:00,40.4047014,-3.7025114,40.4202010,-3.7059478,1747,IN_SUBWAY,MEDIUM
202,2022-02-22,2022-02-22 21:30:28.932000+00:00,2022-02-22 21:33:32.669000+00:00,40.4201839,-3.7058941,40.4226229,-3.6976854,745,IN_SUBWAY,MEDIUM
203,2022-02-22,2022-02-22 22:36:22.848000+00:00,2022-02-22 22:53:55.979000+00:00,40.4226534,-3.6976479,40.4071004,-3.7039749,2937,IN_SUBWAY,LOW
204,2022-02-23,2022-02-23 08:06:32.996000+00:00,2022-02-23 08:10:49.808000+00:00,40.4070241,-3.7040629,40.4050288,-3.7024168,372,WALKING,MEDIUM
205,2022-02-23,2022-02-23 08:10:49.808000+00:00,2022-02-23 08:39:02.316000+00:00,40.4050288,-3.7024168,40.4375109,-3.6771715,5939,IN_SUBWAY,HIGH
206,2022-02-23,2022-02-23 09:07:57.357000+00:00,2022-02-23 11:52:01.849000+00:00,40.4382099,-3.6757914,38.3146946,-3.5701254,239281,IN_BUS,LOW
207,2022-02-23,2022-02-23 12:44:12.977000+00:00,2022-02-23 14:38:32.220000+00:00,38.3147252,-3.5701847,37.1728960,-3.6008777,128478,IN_PASSENGER_VEHICLE,MEDIUM
208,2022-02-23,2022-02-23 14:38:32.220000+00:00,2022-02-23 14:46:56.326000+00:00,37.1728960,-3.6008777,37.1763083,-3.6014073,478,WALKING,HIGH
209,2022-02-23,2022-02-23 17:06:01.893000+00:00,2022-02-23 17:48:55.392000+00:00,37.1761210,-3.6026364,37.1771060,-3.6017204,1934,WALKING,HIGH
210,2022-02-23,2022-02-23 19:18:33.798000+00:00,2022-02-23 19:20:42.321000+00:00,37.1762263,-3.6013145,37.1774997,-3.6017862,147,WALKING,HIGH
211,2022-02-23,2022-02-23 20:52:09.188000+00:00,2022-02-23 20:54:10.314000+00:00,37.1775831,-3.6017012,37.1768730,-3.6016437,79,WALKING,HIGH
212,2022-02-24,2022-02-24 09:06:08.762000+00:00,2022-02-24 09:15:09.733000+00:00,37.1761062,-3.6028441,37.1787334,-3.6082403,668,WALKING,HIGH
213,2022-02-24,2022-02-24 09:21:01.333000+00:00,2022-02-24 09:37:16.529000+00:00,37.1790018,-3.6083638,37.1733386,-3.5834069,6087,IN_PASSENGER_VEHICLE,LOW
214,2022-02-24,2022-02-24 09:37:16.529000+00:00,2022-02-24 10:00:33.383000+00:00,37.1733386,-3.5834069,37.1761056,-3.5894074,635,WALKING,HIGH
215,2022-02-24,2022-02-24 12:58:28.863000+00:00,2022-02-24 13:04:59.173000+00:00,37.1761275,-3.5910839,37.1766553,-3.5958961,440,WALKING,HIGH
216,2022-02-24,2022-02-24 17:35:33.488000+00:00,2022-02-24 17:46:23.619000+00:00,37.1765811,-3.5997930,37.1799697,-3.5938555,1019,WALKING,HIGH
217,2022-02-24,2022-02-24 18:12:06.061000+00:00,2022-02-24 18:17:37.854000+00:00,37.1808952,-3.5943459,37.1784375,-3.5954146,431,WALKING,HIGH
218,2022-02-24,2022-02-24 18:32:46.074000+00:00,2022-02-24 18:36:47.481000+00:00,37.1778253,-3.5971427,37.1764909,-3.5999595,295,WALKING,HIGH
219,2022-02-24,2022-02-24 19:26:04.713000+00:00,2022-02-24 19:33:06.779000+00:00,37.1751081,-3.5999978,37.1725299,-3.5974092,714,WALKING,HIGH
220,2022-02-24,2022-02-24 20:58:34.719000+00:00,2022-02-24 21:06:14.493000+00:00,37.1723346,-3.5973511,37.1753006,-3.6008080,883,WALKING,HIGH
221,2022-02-25,2022-02-25 07:08:48.666000+00:00,2022-02-25 07:11:18.494000+00:00,37.1755494,-3.6011021,37.1742309,-3.6002048,166,WALKING,HIGH
222,2022-02-25,2022-02-25 07:24:10.726000+00:00,2022-02-25 09:53:36.236000+00:00,37.1733454,-3.5999527,37.8778215,-4.7798690,178649,IN_BUS,MEDIUM
223,2022-02-25,2022-02-25 11:04:53.642000+00:00,2022-02-25 11:41:42.368000+00:00,37.8800661,-4.7806573,37.8790906,-4.7802700,560,WALKING,LOW
224,2022-02-25,2022-02-25 12:19:04.287000+00:00,2022-02-25 12:25:13.933000+00:00,37.8788227,-4.7791403,37.8796984,-4.7797398,110,WALKING,HIGH
225,2022-02-25,2022-02-25 14:05:31.177000+00:00,2022-02-25 14:16:15.116000+00:00,37.8796772,-4.7798037,37.8762800,-4.7783820,446,WALKING,HIGH
226,2022-02-25,2022-02-25 14:16:15.116000+00:00,2022-02-25 14:32:34.063000+00:00,37.8762800,-4.7783820,37.8885339,-4.7891669,2006,IN_BUS,LOW
227,2022-02-25,2022-02-25 15:08:33.127000+00:00,2022-02-25 16:33:18.664000+00:00,37.8873937,-4.7903431,37.3921604,-5.9747817,118439,IN_TRAIN,HIGH
228,2022-02-25,2022-02-25 16:35:42.345000+00:00,2022-02-25 17:12:34.366000+00:00,37.3921836,-5.9748806,37.3970762,-5.9972962,2427,WALKING,HIGH
229,2022-02-25,2022-02-25 19:36:15.546000+00:00,2022-02-25 19:44:50.625000+00:00,37.3963063,-5.9977802,37.3953472,-5.9986898,166,WALKING,HIGH
230,2022-02-26,2022-02-26 11:05:26.097000+00:00,2022-02-26 11:35:34.729000+00:00,37.3969448,-5.9968355,37.3991692,-5.9917428,1544,WALKING,HIGH
231,2022-02-26,2022-02-26 13:17:22.558000+00:00,2022-02-26 13:36:40.415000+00:00,37.3992182,-5.9919330,37.3928576,-5.9921866,976,WALKING,HIGH
232,2022-02-26,2022-02-26 13:41:45.138000+00:00,2022-02-26 16:46:55.250000+00:00,37.3928237,-5.9925130,37.3972330,-5.9967983,6884,WALKING,MEDIUM
233,2022-02-26,2022-02-26 18:22:54.881000+00:00,2022-02-26 18:33:59.774000+00:00,37.3970761,-5.9972972,37.3937806,-5.9919211,749,WALKING,HIGH
234,2022-02-26,2022-02-26 19:21:34.458000+00:00,2022-02-26 19:30:22.309000+00:00,37.3937719,-5.9917271,37.3992368,-5.9920564,617,WALKING,HIGH
235,2022-02-26,2022-02-26 20:58:11.253000+00:00,2022-02-26 21:08:26.265000+00:00,37.3985715,-5.9923949,37.3965287,-5.9973163,560,WALKING,HIGH
236,2022-02-27,2022-02-27 05:23:31.611000+00:00,2022-02-27 05:31:49.701000+00:00,37.3967735,-5.9972388,37.3916093,-5.9752859,3383,IN_PASSENGER_VEHICLE,HIGH
237,2022-02-27,2022-02-27 06:08:56.055000+00:00,2022-02-27 09:00:05.356000+00:00,37.3918768,-5.9761527,40.4063096,-3.6890877,413763,UNKNOWN_ACTIVITY_TYPE,LOW
238,2022-02-27,2022-02-27 09:00:05.356000+00:00,2022-02-27 09:15:43.995000+00:00,40.4063096,-3.6890877,40.4051653,-3.7023577,3148,IN_SUBWAY,LOW
239,2022-02-27,2022-02-27 09:21:07.251000+00:00,2022-02-27 09:25:31.235000+00:00,40.4053006,-3.7028857,40.4067868,-3.7051000,282,WALKING,HIGH
240,2022-02-27,2022-02-27 12:52:00.261000+00:00,2022-02-27 12:54:23.172000+00:00,40.4069023,-3.7047482,40.4075611,-3.7039837,136,WALKING,HIGH
241,2022-02-27,2022-02-27 15:19:31.643000+00:00,2022-02-27 15:21:37.876000+00:00,40.4076635,-3.7041206,40.4068570,-3.7049196,146,WALKING,HIGH
242,2022-02-28,2022-02-28 08:47:24.831000+00:00,2022-02-28 08:55:01.901000+00:00,40.4076423,-3.7041782,40.4118044,-3.7052713,624,WALKING,HIGH
243,2022-02-28,2022-02-28 12:15:19.828000+00:00,2022-02-28 12:18:14.905000+00:00,40.4134066,-3.7076772,40.4124935,-3.7059318,186,WALKING,HIGH
244,2022-02-28,2022-02-28 15:29:00.739000+00:00,2022-02-28 15:36:43.261000+00:00,40.4122380,-3.7053158,40.4075390,-3.7039409,596,WALKING,HIGH
245,2022-02-28,2022-02-28 19:48:51.233000+00:00,2022-02-28 20:01:36.052000+00:00,40.4080846,-3.7044351,40.4158105,-3.7069134,953,WALKING,HIGH
246,2022-02-28,2022-02-28 20:09:46.787000+00:00,2022-02-28 20:11:47.545000+00:00,40.4163475,-3.7064504,40.4165440,-3.7047947,141,WALKING,HIGH
247,2022-02-28,2022-02-28 20:27:08.769000+00:00,2022-02-28 20:44:50.645000+00:00,40.4164849,-3.7051658,40.4081127,-3.7044064,1198,WALKING,HIGH
248,2022-03-01,2022-03-01 14:04:53.743000+00:00,2022-03-01 14:06:57.258000+00:00,40.4068129,-3.7050390,40.4074072,-3.7039021,116,WALKING,HIGH
249,2022-03-01,2022-03-01 14:49:27.288000+00:00,2022-03-01 14:50:55.213000+00:00,40.4074657,-3.7038262,40.4068802,-3.7048190,139,WALKING,HIGH
250,2022-03-02,2022-03-02 08:18:58.877000+00:00,2022-03-02 08:26:04.015000+00:00,40.4081987,-3.7046992,40.4119964,-3.7053131,443,WALKING,HIGH
251,2022-03-02,2022-03-02 10:09:07.023000+00:00,2022-03-02 10:23:41.418000+00:00,40.4123972,-3.7045744,40.4142781,-3.6936517,1230,WALKING,LOW
252,2022-03-02,2022-03-02 12:04:53.771000+00:00,2022-03-02 12:12:40.260000+00:00,40.4135246,-3.6934168,40.4121699,-3.6989214,539,WALKING,HIGH
253,2022-03-02,2022-03-02 12:17:38.195000+00:00,2022-03-02 12:23:43.688000+00:00,40.4123372,-3.7003631,40.4127281,-3.7054999,438,WALKING,HIGH
254,2022-03-02,2022-03-02 13:25:15.351000+00:00,2022-03-02 13:33:36.346000+00:00,40.4115615,-3.7051541,40.4074511,-3.7038515,527,WALKING,HIGH
255,2022-03-02,2022-03-02 14:16:50.840000+00:00,2022-03-02 14:23:42.340000+00:00,40.4078738,-3.7040776,40.4118705,-3.7052812,504,WALKING,HIGH
256,2022-03-02,2022-03-02 16:04:37.551000+00:00,2022-03-02 16:10:59.024000+00:00,40.4115074,-3.7051430,40.4078601,-3.7041343,475,WALKING,HIGH
257,2022-03-02,2022-03-02 20:00:41.648000+00:00,2022-03-02 20:06:33.656000+00:00,40.4069985,-3.7038208,40.4048139,-3.7024274,341,WALKING,MEDIUM
258,2022-03-02,2022-03-02 20:06:33.656000+00:00,2022-03-02 20:18:44.518000+00:00,40.4048139,-3.7024274,40.4225267,-3.6976461,2625,IN_SUBWAY,HIGH
259,2022-03-02,2022-03-02 21:42:53.181000+00:00,2022-03-02 21:44:55.300000+00:00,40.4232592,-3.6980890,40.4224981,-3.6976500,92,WALKING,HIGH
260,2022-03-02,2022-03-02 21:53:36.700000+00:00,2022-03-02 22:10:33.483000+00:00,40.4224691,-3.6976094,40.4068932,-3.7046466,3051,IN_SUBWAY,MEDIUM
261,2022-03-03,2022-03-03 09:17:02.380000+00:00,2022-03-03 09:31:38.796000+00:00,40.4069685,-3.7050099,40.4117235,-3.7052294,712,WALKING,MEDIUM
262,2022-03-03,2022-03-03 12:24:52.720000+00:00,2022-03-03 12:31:43.111000+00:00,40.4123183,-3.7054925,40.4078669,-3.7040800,668,WALKING,HIGH
263,2022-03-03,2022-03-03 14:18:01.474000+00:00,2022-03-03 14:24:08.722000+00:00,40.4070624,-3.7037847,40.4104605,-3.7009135,491,WALKING,HIGH
264,2022-03-03,2022-03-03 15:20:18.647000+00:00,2022-03-03 15:26:48.560000+00:00,40.4104690,-3.7009691,40.4070933,-3.7040034,498,WALKING,HIGH
265,2022-03-04,2022-03-04 12:47:44.713000+00:00,2022-03-04 13:00:15.255000+00:00,40.4080426,-3.7043216,40.4118508,-3.7135592,974,WALKING,HIGH
266,2022-03-04,2022-03-04 14:08:10.223000+00:00,2022-03-04 14:20:20.534000+00:00,40.4128047,-3.7137233,40.4181015,-3.7094457,742,WALKING,HIGH
267,2022-03-04,2022-03-04 14:20:20.534000+00:00,2022-03-04 14:26:44.693000+00:00,40.4181015,-3.7094457,40.4190539,-3.6958670,1459,IN_SUBWAY,LOW
268,2022-03-04,2022-03-04 14:26:44.693000+00:00,2022-03-04 14:33:38.042000+00:00,40.4190539,-3.6958670,40.4169989,-3.6954672,421,WALKING,MEDIUM
269,2022-03-04,2022-03-04 15:40:48.808000+00:00,2022-03-04 15:50:57.259000+00:00,40.4167089,-3.6950575,40.4127978,-3.6993411,663,WALKING,HIGH
270,2022-03-04,2022-03-04 18:06:54.423000+00:00,2022-03-04 18:15:35.659000+00:00,40.4120559,-3.6985987,40.4137249,-3.6941596,557,WALKING,HIGH
271,2022-03-04,2022-03-04 18:25:32.903000+00:00,2022-03-04 18:48:27.729000+00:00,40.4137383,-3.6941325,40.4069239,-3.7048337,1813,WALKING,HIGH
272,2022-03-05,2022-03-05 06:29:08.718000+00:00,2022-03-05 06:33:10.980000+00:00,40.4070583,-3.7039060,40.4050647,-3.7025190,334,WALKING,HIGH
273,2022-03-05,2022-03-05 06:43:11.140000+00:00,2022-03-05 06:48:13.134000+00:00,40.4046483,-3.7025327,40.4204991,-3.7062100,1789,IN_SUBWAY,HIGH
274,2022-03-05,2022-03-05 06:55:29.859000+00:00,2022-03-05 07:08:33.028000+00:00,40.4202053,-3.7059772,40.4309107,-3.6634662,4401,IN_SUBWAY,HIGH
275,2022-03-05,2022-03-05 07:28:10.263000+00:00,2022-03-05 07:47:13.953000+00:00,40.4307659,-3.6640274,40.5905863,-3.5820496,19250,IN_PASSENGER_VEHICLE,MEDIUM
276,2022-03-05,2022-03-05 07:56:17.947000+00:00,2022-03-05 09:39:43.596000+00:00,40.5905887,-3.5820468,41.6708509,-3.6851834,121965,IN_PASSENGER_VEHICLE,MEDIUM
277,2022-03-05,2022-03-05 09:39:43.596000+00:00,2022-03-05 09:44:11.917000+00:00,41.6708509,-3.6851834,41.6711589,-3.6874201,265,WALKING,MEDIUM
278,2022-03-05,2022-03-05 10:58:57.982000+00:00,2022-03-05 11:01:01.791000+00:00,41.6701097,-3.6873114,41.6708033,-3.6854827,170,WALKING,MEDIUM
279,2022-03-05,2022-03-05 11:13:15.885000+00:00,2022-03-05 11:29:57.036000+00:00,41.6702904,-3.6854243,41.7218436,-3.6827568,5781,IN_PASSENGER_VEHICLE,HIGH
280,2022-03-05,2022-03-05 13:07:23.058000+00:00,2022-03-05 13:21:51.971000+00:00,41.7218393,-3.6827534,41.6699920,-3.6860353,5772,IN_PASSENGER_VEHICLE,HIGH
281,2022-03-05,2022-03-05 15:02:20.698000+00:00,2022-03-05 15:27:22.501000+00:00,41.6704459,-3.6855556,41.6300949,-3.4890053,17145,IN_PASSENGER_VEHICLE,HIGH
282,2022-03-05,2022-03-05 17:10:46.523000+00:00,2022-03-05 19:18:58.263000+00:00,41.6298597,-3.4890500,40.4306715,-3.6637329,134251,IN_PASSENGER_VEHICLE,MEDIUM
283,2022-03-05,2022-03-05 19:23:07.727000+00:00,2022-03-05 19:42:02.194000+00:00,40.4306704,-3.6637909,40.4051959,-3.7017260,5155,IN_SUBWAY,MEDIUM
284,2022-03-05,2022-03-05 19:42:02.194000+00:00,2022-03-05 19:50:51.739000+00:00,40.4051959,-3.7017260,40.4069001,-3.7049704,747,WALKING,HIGH
285,2022-03-06,2022-03-06 10:56:10.543000+00:00,2022-03-06 10:59:03.344000+00:00,40.4070936,-3.7040678,40.4046733,-3.7027708,302,WALKING,HIGH
286,2022-03-06,2022-03-06 11:06:32.160000+00:00,2022-03-06 11:15:46.645000+00:00,40.4047280,-3.7025601,40.4202475,-3.7043831,2010,IN_SUBWAY,MEDIUM
287,2022-03-06,2022-03-06 12:06:51.610000+00:00,2022-03-06 12:17:24.569000+00:00,40.4201841,-3.7038279,40.4158776,-3.7061843,703,WALKING,HIGH
288,2022-03-06,2022-03-06 13:36:34.622000+00:00,2022-03-06 13:37:35.663000+00:00,40.4157173,-3.7054930,40.4159992,-3.7041959,121,WALKING,HIGH
289,2022-03-06,2022-03-06 14:23:28.723000+00:00,2022-03-06 14:25:31.044000+00:00,40.4155888,-3.7032079,40.4168898,-3.7031768,144,WALKING,MEDIUM
290,2022-03-06,2022-03-06 14:30:15.803000+00:00,2022-03-06 14:36:52.772000+00:00,40.4170476,-3.7038585,40.4070099,-3.7042615,1670,IN_SUBWAY,MEDIUM
291,2022-03-06,2022-03-06 15:36:30.886000+00:00,2022-03-06 16:02:11.819000+00:00,40.4068221,-3.7047765,40.4134885,-3.6925525,1996,WALKING,HIGH
292,2022-03-06,2022-03-06 16:11:02.320000+00:00,2022-03-06 16:17:34.680000+00:00,40.4138816,-3.6940984,40.4122848,-3.6979937,473,WALKING,HIGH
293,2022-03-06,2022-03-06 16:23:32.245000+00:00,2022-03-06 16:41:10.494000+00:00,40.4120310,-3.6988572,40.4069724,-3.7044079,2527,IN_SUBWAY,MEDIUM
294,2022-03-07,2022-03-07 08:48:16.055000+00:00,2022-03-07 08:56:25.258000+00:00,40.4072319,-3.7037567,40.4121168,-3.7051758,704,WALKING,HIGH
295,2022-03-07,2022-03-07 11:59:12.600000+00:00,2022-03-07 12:00:20.600000+00:00,40.4130704,-3.7064775,40.4133299,-3.7071804,77,WALKING,HIGH
296,2022-03-07,2022-03-07 12:26:46.434000+00:00,2022-03-07 12:31:31.943000+00:00,40.4134476,-3.7077133,40.4124162,-3.7060854,228,WALKING,HIGH
297,2022-03-07,2022-03-07 16:20:57.127000+00:00,2022-03-07 16:29:34.803000+00:00,40.4122287,-3.7051831,40.4071234,-3.7040301,658,WALKING,HIGH
298,2022-03-07,2022-03-07 20:06:50.859000+00:00,2022-03-07 20:13:21.365000+00:00,40.4070185,-3.7038253,40.4047358,-3.7025016,413,WALKING,HIGH
299,2022-03-07,2022-03-07 20:13:21.365000+00:00,2022-03-07 20:26:01.879000+00:00,40.4047358,-3.7025016,40.4346227,-3.7189898,3737,IN_SUBWAY,MEDIUM
300,2022-03-07,2022-03-07 20:26:01.879000+00:00,2022-03-07 20:29:39.510000+00:00,40.4346227,-3.7189898,40.4343901,-3.7183965,81,WALKING,HIGH
301,2022-03-07,2022-03-07 22:32:09.170000+00:00,2022-03-07 22:39:20.660000+00:00,40.4341667,-3.7188142,40.4343620,-3.7187856,91,WALKING,LOW
302,2022-03-07,2022-03-07 22:39:20.660000+00:00,2022-03-07 22:48:32.433000+00:00,40.4343620,-3.7187856,40.4051504,-3.7023239,3638,IN_SUBWAY,MEDIUM
303,2022-03-07,2022-03-07 22:48:32.433000+00:00,2022-03-07 22:54:44.827000+00:00,40.4051504,-3.7023239,40.4067904,-3.7047622,326,WALKING,MEDIUM
304,2022-03-08,2022-03-08 14:12:58.737000+00:00,2022-03-08 14:19:05.047000+00:00,40.4072592,-3.7038468,40.4098290,-3.7010057,516,WALKING,HIGH
305,2022-03-08,2022-03-08 15:22:28.658000+00:00,2022-03-08 15:31:51.813000+00:00,40.4098172,-3.7009797,40.4051138,-3.7017727,757,WALKING,HIGH
306,2022-03-08,2022-03-08 15:42:38.392000+00:00,2022-03-08 15:46:28.092000+00:00,40.4052446,-3.7018030,40.4070072,-3.7043538,379,WALKING,HIGH
307,2022-03-09,2022-03-09 08:21:11.536000+00:00,2022-03-09 08:30:37.013000+00:00,40.4075083,-3.7038354,40.4120895,-3.7052657,738,WALKING,HIGH
308,2022-03-09,2022-03-09 10:08:04.395000+00:00,2022-03-09 10:27:02.271000+00:00,40.4124492,-3.7052371,40.4150321,-3.6924869,1473,WALKING,MEDIUM
309,2022-03-09,2022-03-09 12:13:50.752000+00:00,2022-03-09 12:25:07.502000+00:00,40.4150820,-3.6923424,40.4123406,-3.6986056,797,WALKING,HIGH
310,2022-03-09,2022-03-09 12:29:42.448000+00:00,2022-03-09 12:34:07.544000+00:00,40.4119252,-3.6982253,40.4126897,-3.7055966,634,IN_SUBWAY,MEDIUM
311,2022-03-09,2022-03-09 13:48:04.470000+00:00,2022-03-09 13:50:06.095000+00:00,40.4125683,-3.7053218,40.4112529,-3.7049649,149,WALKING,HIGH
312,2022-03-09,2022-03-09 14:25:56.752000+00:00,2022-03-09 14:27:59.692000+00:00,40.4109580,-3.7048039,40.4121917,-3.7052858,143,WALKING,HIGH
313,2022-03-09,2022-03-09 16:06:27.195000+00:00,2022-03-09 16:15:56.602000+00:00,40.4116773,-3.7052280,40.4072301,-3.7038651,658,WALKING,HIGH
314,2022-03-09,2022-03-09 20:12:13.136000+00:00,2022-03-09 20:22:44.037000+00:00,40.4080737,-3.7044303,40.4147858,-3.7076033,828,WALKING,HIGH
315,2022-03-09,2022-03-09 21:04:51.391000+00:00,2022-03-09 21:06:54.572000+00:00,40.4155901,-3.7071898,40.4141112,-3.7074735,166,WALKING,HIGH
316,2022-03-09,2022-03-09 21:15:23.528000+00:00,2022-03-09 21:24:50.456000+00:00,40.4132136,-3.7076704,40.4079098,-3.7044474,668,WALKING,HIGH
317,2022-03-10,2022-03-10 09:21:13.775000+00:00,2022-03-10 09:31:34.811000+00:00,40.4070611,-3.7050831,40.4116364,-3.7051774,817,WALKING,HIGH
318,2022-03-10,2022-03-10 11:47:28.383000+00:00,2022-03-10 11:49:57.754000+00:00,40.4115330,-3.7050687,40.4097451,-3.7040426,270,WALKING,HIGH
319,2022-03-10,2022-03-10 12:19:19.274000+00:00,2022-03-10 12:20:32.600000+00:00,40.4081935,-3.7037188,40.4074418,-3.7039731,92,WALKING,HIGH
320,2022-03-10,2022-03-10 14:30:33.457000+00:00,2022-03-10 14:37:40.754000+00:00,40.4069201,-3.7050974,40.4047611,-3.7024682,557,WALKING,HIGH
321,2022-03-10,2022-03-10 14:37:40.754000+00:00,2022-03-10 14:49:32.263000+00:00,40.4047611,-3.7024682,40.4294201,-3.7014409,2849,IN_SUBWAY,HIGH
322,2022-03-10,2022-03-10 14:49:32.263000+00:00,2022-03-10 14:53:01.533000+00:00,40.4294201,-3.7014409,40.4287267,-3.7004630,419,WALKING,MEDIUM
323,2022-03-10,2022-03-10 16:18:32.359000+00:00,2022-03-10 16:24:44.250000+00:00,40.4287017,-3.7000761,40.4297920,-3.7009822,260,WALKING,HIGH
324,2022-03-10,2022-03-10 16:24:44.250000+00:00,2022-03-10 16:42:38.030000+00:00,40.4297920,-3.7009822,40.4069088,-3.7037156,3214,IN_SUBWAY,HIGH
325,2022-03-10,2022-03-10 17:13:49.548000+00:00,2022-03-10 17:26:06.747000+00:00,40.4065923,-3.7036312,40.4163460,-3.7064502,1893,IN_SUBWAY,LOW
326,2022-03-10,2022-03-10 17:58:32.369000+00:00,2022-03-10 18:04:42.385000+00:00,40.4146884,-3.7075681,40.4112509,-3.7072211,390,WALKING,HIGH
327,2022-03-10,2022-03-10 18:11:39.962000+00:00,2022-03-10 18:16:05.395000+00:00,40.4097232,-3.7060669,40.4073025,-3.7038832,328,WALKING,HIGH
328,2022-03-11,2022-03-11 08:05:43.740000+00:00,2022-03-11 08:07:29.064000+00:00,40.4070408,-3.7039205,40.4050290,-3.7020941,272,WALKING,HIGH
329,2022-03-11,2022-03-11 08:13:43.904000+00:00,2022-03-11 08:39:31.287000+00:00,40.4047680,-3.7024556,40.4374661,-3.6776467,8042,IN_SUBWAY,MEDIUM
330,2022-03-11,2022-03-11 09:06:39.220000+00:00,2022-03-11 10:42:19.135000+00:00,40.4378091,-3.6764151,39.8595092,-4.0215819,77118,IN_PASSENGER_VEHICLE,MEDIUM
331,2022-03-11,2022-03-11 11:08:58.435000+00:00,2022-03-11 11:10:58.939000+00:00,39.8590811,-4.0225422,39.8583167,-4.0233919,111,WALKING,HIGH
332,2022-03-11,2022-03-11 12:04:53.026000+00:00,2022-03-11 12:22:54.194000+00:00,39.8570990,-4.0240235,39.8566782,-4.0284088,641,WALKING,HIGH
333,2022-03-11,2022-03-11 14:51:04.722000+00:00,2022-03-11 14:55:10.276000+00:00,39.8564968,-4.0298227,39.8582290,-4.0317605,254,WALKING,HIGH
334,2022-03-11,2022-03-11 15:23:20.852000+00:00,2022-03-11 16:30:52.225000+00:00,39.8560337,-4.0347488,40.4378871,-3.6768976,73258,IN_BUS,HIGH
335,2022-03-11,2022-03-11 16:36:21.850000+00:00,2022-03-11 17:07:24.021000+00:00,40.4378420,-3.6780327,40.4045835,-3.7026224,7988,IN_SUBWAY,LOW
336,2022-03-11,2022-03-11 17:07:24.021000+00:00,2022-03-11 17:13:11.648000+00:00,40.4045835,-3.7026224,40.4068290,-3.7036511,381,WALKING,LOW
337,2022-03-11,2022-03-11 18:52:53.475000+00:00,2022-03-11 19:12:42.178000+00:00,40.4067862,-3.7050621,40.4067162,-3.6898703,1936,IN_SUBWAY,LOW
338,2022-03-11,2022-03-11 19:36:49.018000+00:00,2022-03-11 21:13:37.693000+00:00,40.4015590,-3.6840344,41.6588464,-9.102842,271417,UNKNOWN_ACTIVITY_TYPE,LOW
339,2022-03-11,2022-03-11 21:13:37.693000+00:00,2022-03-11 21:23:47.500000+00:00,41.6588464,-9.102842,41.6593530,-9.134695,282,WALKING,LOW
340,2022-03-11,2022-03-11 21:39:12.808000+00:00,2022-03-11 21:58:24.974000+00:00,41.6595161,-9.135327,41.6704681,-8.618901,5013,IN_PASSENGER_VEHICLE,HIGH
341,2022-03-12,2022-03-12 11:22:51.727000+00:00,2022-03-12 11:51:56.237000+00:00,41.6704788,-8.620058,41.6599572,-8.726851,2110,WALKING,HIGH
342,2022-03-12,2022-03-12 13:00:00.501000+00:00,2022-03-12 13:08:17.786000+00:00,41.6597912,-8.739481,41.6558661,-8.768058,586,WALKING,HIGH
343,2022-03-12,2022-03-12 13:48:26.807000+00:00,2022-03-12 14:06:07.317000+00:00,41.6558023,-8.776986,41.6493782,-8.793811,1209,WALKING,HIGH
344,2022-03-12,2022-03-12 15:16:10.547000+00:00,2022-03-12 16:22:47.883000+00:00,41.6500364,-8.792384,41.6508430,-8.715253,4355,WALKING,HIGH
345,2022-03-12,2022-03-12 17:16:54.636000+00:00,2022-03-12 17:33:58.077000+00:00,41.6510135,-8.718291,41.6585485,-8.764182,1084,WALKING,HIGH
346,2022-03-13,2022-03-13 10:43:20.919000+00:00,2022-03-13 10:55:41.460000+00:00,41.6705338,-8.619405,41.6559355,-8.781009,2513,IN_PASSENGER_VEHICLE,HIGH
347,2022-03-13,2022-03-13 11:44:12.936000+00:00,2022-03-13 12:01:19.205000+00:00,41.6554695,-8.785024,41.6693525,-8.983734,3726,IN_PASSENGER_VEHICLE,HIGH
348,2022-03-13,2022-03-13 14:04:38.458000+00:00,2022-03-13 14:10:18.473000+00:00,41.6709581,-9.004620,41.6585747,-9.091022,1557,IN_PASSENGER_VEHICLE,MEDIUM
349,2022-03-13,2022-03-13 14:44:50.733000+00:00,2022-03-13 16:37:31.074000+00:00,41.6590310,-9.130397,40.4070279,-3.7038129,361126,UNKNOWN_ACTIVITY_TYPE,LOW
350,2022-03-14,2022-03-14 08:42:43.031000+00:00,2022-03-14 08:57:11.836000+00:00,40.4069989,-3.7051238,40.4123224,-3.7053144,1054,WALKING,HIGH
351,2022-03-14,2022-03-14 16:06:03.765000+00:00,2022-03-14 16:14:31.791000+00:00,40.4124336,-3.7060940,40.4078582,-3.7041009,883,WALKING,HIGH
352,2022-03-15,2022-03-15 13:56:11.550000+00:00,2022-03-15 14:09:43.511000+00:00,40.4067777,-3.7051338,40.4103694,-3.6977298,1156,WALKING,HIGH
353,2022-03-15,2022-03-15 14:23:03.366000+00:00,2022-03-15 14:33:47.072000+00:00,40.4119193,-3.6981986,40.4178110,-3.7105521,1628,WALKING,LOW
354,2022-03-15,2022-03-15 15:42:32.394000+00:00,2022-03-15 15:56:11.909000+00:00,40.4172645,-3.7114252,40.4040091,-3.7055837,2014,IN_SUBWAY,MEDIUM
355,2022-03-15,2022-03-15 15:56:11.909000+00:00,2022-03-15 16:09:22.859000+00:00,40.4040091,-3.7055837,40.4070819,-3.7041525,601,WALKING,HIGH
356,2022-03-16,2022-03-16 08:18:39.343000+00:00,2022-03-16 08:27:14.897000+00:00,40.4071157,-3.7042933,40.4116437,-3.7068396,918,WALKING,HIGH
357,2022-03-16,2022-03-16 10:13:17.148000+00:00,2022-03-16 10:35:38.713000+00:00,40.4126891,-3.7055183,40.4127949,-3.6913727,2010,WALKING,MEDIUM
358,2022-03-16,2022-03-16 11:49:53.301000+00:00,2022-03-16 12:03:51.671000+00:00,40.4141684,-3.6923382,40.4122629,-3.6982047,735,WALKING,HIGH
359,2022-03-16,2022-03-16 12:09:58.964000+00:00,2022-03-16 12:11:54.144000+00:00,40.4120372,-3.6988274,40.4123993,-3.7045767,488,IN_SUBWAY,MEDIUM
360,2022-03-16,2022-03-16 13:43:18.342000+00:00,2022-03-16 13:45:11.403000+00:00,40.4127124,-3.7055181,40.4125448,-3.7039271,149,WALKING,HIGH
361,2022-03-16,2022-03-16 15:38:27.018000+00:00,2022-03-16 15:46:03.495000+00:00,40.4117331,-3.7052471,40.4069557,-3.7039247,568,WALKING,HIGH
362,2022-03-17,2022-03-17 09:16:12.614000+00:00,2022-03-17 09:24:15.863000+00:00,40.4072713,-3.7038321,40.4118802,-3.7052835,684,WALKING,HIGH
363,2022-03-17,2022-03-17 11:54:59.362000+00:00,2022-03-17 12:02:10.842000+00:00,40.4114376,-3.7052236,40.4073731,-3.7039618,675,WALKING,HIGH
364,2022-03-17,2022-03-17 14:24:16.630000+00:00,2022-03-17 14:26:38.022000+00:00,40.4064765,-3.7060434,40.4057003,-3.7070335,124,WALKING,HIGH
365,2022-03-17,2022-03-17 15:51:15.270000+00:00,2022-03-17 15:54:24.176000+00:00,40.4052848,-3.7069172,40.4066144,-3.7056816,221,WALKING,HIGH
366,2022-03-17,2022-03-17 17:38:19.032000+00:00,2022-03-17 17:43:34.600000+00:00,40.4069328,-3.7036096,40.4047612,-3.7024220,326,WALKING,MEDIUM
367,2022-03-17,2022-03-17 17:43:34.600000+00:00,2022-03-17 17:58:14.921000+00:00,40.4047612,-3.7024220,40.4293286,-3.7014088,3190,IN_SUBWAY,HIGH
368,2022-03-17,2022-03-17 17:58:14.921000+00:00,2022-03-17 18:01:13.151000+00:00,40.4293286,-3.7014088,40.4283985,-3.7002168,306,WALKING,MEDIUM
369,2022-03-17,2022-03-17 19:36:24.076000+00:00,2022-03-17 19:41:42.546000+00:00,40.4284648,-3.6995316,40.4297383,-3.7013524,404,WALKING,HIGH
370,2022-03-17,2022-03-17 19:41:42.546000+00:00,2022-03-17 19:59:42.714000+00:00,40.4297383,-3.7013524,40.4070650,-3.7038885,3295,IN_SUBWAY,HIGH
371,2022-03-18,2022-03-18 05:27:21.944000+00:00,2022-03-18 06:00:13.823000+00:00,40.4069647,-3.7044218,40.4907576,-3.5930060,15360,IN_PASSENGER_VEHICLE,HIGH
372,2022-03-18,2022-03-18 07:04:47.261000+00:00,2022-03-18 09:01:26.616000+00:00,40.4946903,-3.5900924,39.5468416,2.7318625,549113,FLYING,LOW
373,2022-03-18,2022-03-18 09:39:12.477000+00:00,2022-03-18 10:00:43.361000+00:00,39.5469669,2.7284313,39.5784884,2.6500437,9319,IN_BUS,MEDIUM
374,2022-03-18,2022-03-18 11:14:43.677000+00:00,2022-03-18 13:20:59.105000+00:00,39.5772229,2.6493308,39.5671822,2.6459762,4799,WALKING,MEDIUM
375,2022-03-18,2022-03-18 17:35:41.604000+00:00,2022-03-18 19:01:35.279000+00:00,39.5596057,2.6248120,39.5719921,2.6399434,3554,WALKING,MEDIUM
376,2022-03-18,2022-03-18 20:40:00.182000+00:00,2022-03-18 21:13:15.392000+00:00,39.5720991,2.6396997,39.5592575,2.6247879,2171,WALKING,HIGH
377,2022-03-19,2022-03-19 08:34:32.810000+00:00,2022-03-19 09:07:46.883000+00:00,39.5602745,2.6247464,39.5760093,2.6469271,4555,WALKING,HIGH
378,2022-03-19,2022-03-19 09:18:46.890000+00:00,2022-03-19 09:22:48.808000+00:00,39.5762224,2.6491836,39.5759956,2.6524852,285,WALKING,HIGH
379,2022-03-19,2022-03-19 10:00:34.461000+00:00,2022-03-19 10:04:43.889000+00:00,39.5758718,2.6529178,39.5756216,2.6496413,307,WALKING,HIGH
380,2022-03-19,2022-03-19 11:34:48.657000+00:00,2022-03-19 12:39:13.200000+00:00,39.5762170,2.6512219,39.5704912,2.6376932,2783,WALKING,HIGH
381,2022-03-19,2022-03-19 14:03:28.800000+00:00,2022-03-19 14:32:01.725000+00:00,39.5704841,2.6378017,39.5593135,2.6249223,2011,WALKING,HIGH
382,2022-03-19,2022-03-19 16:44:41.272000+00:00,2022-03-19 18:58:30.260000+00:00,39.5598863,2.6246353,39.5655073,2.6284732,4039,WALKING,HIGH
383,2022-03-19,2022-03-19 19:57:04.132000+00:00,2022-03-19 20:12:36.689000+00:00,39.5666278,2.6290408,39.5592359,2.6247833,908,WALKING,HIGH
384,2022-03-20,2022-03-20 06:30:26.688000+00:00,2022-03-20 06:47:14.248000+00:00,39.5598786,2.6248918,39.5471172,2.7310699,10292,IN_PASSENGER_VEHICLE,HIGH
385,2022-03-20,2022-03-20 08:12:12.999000+00:00,2022-03-20 09:54:18.656000+00:00,39.5464990,2.7333516,40.4903611,-3.5909657,548581,FLYING,LOW
386,2022-03-20,2022-03-20 10:05:03.738000+00:00,2022-03-20 10:34:29.057000+00:00,40.4919124,-3.5936171,40.4327883,-3.6742410,9883,IN_SUBWAY,MEDIUM
387,2022-03-20,2022-03-20 10:42:38.997000+00:00,2022-03-20 10:51:49.857000+00:00,40.4322949,-3.6740577,40.4196949,-3.7016754,2886,IN_SUBWAY,HIGH
388,2022-03-20,2022-03-20 10:51:49.857000+00:00,2022-03-20 11:01:33.124000+00:00,40.4196949,-3.7016754,40.4163442,-3.7051977,876,WALKING,HIGH
389,2022-03-20,2022-03-20 11:50:20.803000+00:00,2022-03-20 12:06:53.243000+00:00,40.4157822,-3.7062139,40.4068437,-3.7037187,1932,IN_SUBWAY,LOW
390,2022-03-21,2022-03-21 08:45:46.269000+00:00,2022-03-21 08:55:38.260000+00:00,40.4071371,-3.7050896,40.4115980,-3.7069679,900,WALKING,HIGH
391,2022-03-21,2022-03-21 13:43:33.229000+00:00,2022-03-21 13:44:40.059000+00:00,40.4124370,-3.7050193,40.4124448,-3.7045956,35,WALKING,HIGH
392,2022-03-21,2022-03-21 14:29:37.841000+00:00,2022-03-21 14:31:03.249000+00:00,40.4126941,-3.7051902,40.4124458,-3.7060954,82,WALKING,HIGH
393,2022-03-21,2022-03-21 16:36:27.957000+00:00,2022-03-21 16:42:23.390000+00:00,40.4116028,-3.7051668,40.4078630,-3.7042365,479,WALKING,HIGH
394,2022-03-22,2022-03-22 12:59:20.821000+00:00,2022-03-22 13:11:12.152000+00:00,40.4068161,-3.7050183,40.4039871,-3.7059624,822,WALKING,HIGH
395,2022-03-22,2022-03-22 13:11:12.152000+00:00,2022-03-22 13:41:30.157000+00:00,40.4039871,-3.7059624,40.4434170,-3.6179347,10086,IN_SUBWAY,HIGH
396,2022-03-22,2022-03-22 13:41:30.157000+00:00,2022-03-22 13:53:41.162000+00:00,40.4434170,-3.6179347,40.4375669,-3.6199636,841,WALKING,HIGH
397,2022-03-22,2022-03-22 16:02:00.573000+00:00,2022-03-22 16:13:33.239000+00:00,40.4379116,-3.6197028,40.4434880,-3.6175014,658,WALKING,HIGH
398,2022-03-22,2022-03-22 16:20:07.208000+00:00,2022-03-22 16:51:17.211000+00:00,40.4433822,-3.6178553,40.4040158,-3.7058988,10141,IN_SUBWAY,HIGH
399,2022-03-22,2022-03-22 16:51:17.211000+00:00,2022-03-22 17:05:56.837000+00:00,40.4040158,-3.7058988,40.4069068,-3.7037065,771,WALKING,HIGH
400,2022-03-22,2022-03-22 19:39:17.021000+00:00,2022-03-22 19:49:12.125000+00:00,40.4067430,-3.7051250,40.4077048,-3.7037764,189,WALKING,HIGH
401,2022-03-22,2022-03-22 19:59:01.999000+00:00,2022-03-22 20:07:22.003000+00:00,40.4077065,-3.7037894,40.4071484,-3.7050850,176,WALKING,HIGH
402,2022-03-23,2022-03-23 08:13:30.150000+00:00,2022-03-23 08:25:19.860000+00:00,40.4071080,-3.7051383,40.4117786,-3.7062467,1137,WALKING,HIGH
403,2022-03-23,2022-03-23 10:08:15.514000+00:00,2022-03-23 10:21:13.584000+00:00,40.4122253,-3.7051923,40.4126402,-3.6940334,1003,WALKING,LOW
404,2022-03-23,2022-03-23 11:54:32.254000+00:00,2022-03-23 12:11:19.098000+00:00,40.4142961,-3.6923432,40.4119150,-3.6983920,914,WALKING,HIGH
405,2022-03-23,2022-03-23 12:11:19.098000+00:00,2022-03-23 12:15:11.472000+00:00,40.4119150,-3.6983920,40.4127084,-3.7054959,624,IN_SUBWAY,LOW
406,2022-03-23,2022-03-23 14:27:12.812000+00:00,2022-03-23 14:29:14.905000+00:00,40.4130487,-3.7039108,40.4126930,-3.7050539,104,WALKING,HIGH
407,2022-03-23,2022-03-23 16:03:22.292000+00:00,2022-03-23 16:09:18.306000+00:00,40.4115623,-3.7051711,40.4078982,-3.7039454,451,WALKING,HIGH
408,2022-03-23,2022-03-23 17:23:48.771000+00:00,2022-03-23 17:48:40.045000+00:00,40.4073903,-3.7037720,40.4156492,-3.7067999,1341,WALKING,MEDIUM
409,2022-03-23,2022-03-23 18:12:19.973000+00:00,2022-03-23 18:30:17.580000+00:00,40.4155398,-3.7072345,40.4072872,-3.7039104,1077,WALKING,HIGH
410,2022-03-24,2022-03-24 09:13:31.617000+00:00,2022-03-24 09:27:10.245000+00:00,40.4070765,-3.7040733,40.4124848,-3.7060502,684,WALKING,HIGH
411,2022-03-24,2022-03-24 12:04:17.710000+00:00,2022-03-24 12:11:46.455000+00:00,40.4117036,-3.7051982,40.4073924,-3.7039157,503,WALKING,HIGH
412,2022-03-24,2022-03-24 14:22:32.661000+00:00,2022-03-24 14:38:29.005000+00:00,40.4068592,-3.7050704,40.4040386,-3.7059084,689,WALKING,HIGH
413,2022-03-24,2022-03-24 14:38:29.005000+00:00,2022-03-24 14:42:12.998000+00:00,40.4040386,-3.7059084,40.4113183,-3.7085549,1059,IN_SUBWAY,LOW
414,2022-03-24,2022-03-24 14:42:12.998000+00:00,2022-03-24 14:52:49.028000+00:00,40.4113183,-3.7085549,40.4119257,-3.7135085,530,WALKING,LOW
415,2022-03-24,2022-03-24 15:37:44.782000+00:00,2022-03-24 16:11:42.463000+00:00,40.4115396,-3.7125394,40.4146512,-3.6925077,2397,WALKING,HIGH
416,2022-03-24,2022-03-24 17:34:56.622000+00:00,2022-03-24 18:01:17.803000+00:00,40.4137092,-3.6942108,40.4070697,-3.7040033,1771,WALKING,HIGH
417,2022-03-24,2022-03-24 19:45:56.518000+00:00,2022-03-24 20:02:34.836000+00:00,40.4068722,-3.7050581,40.4040411,-3.7058385,729,WALKING,HIGH
418,2022-03-24,2022-03-24 20:02:34.836000+00:00,2022-03-24 20:12:36.175000+00:00,40.4040411,-3.7058385,40.4226959,-3.6975931,6405,IN_SUBWAY,HIGH
419,2022-03-24,2022-03-24 22:06:53.361000+00:00,2022-03-24 22:17:36.937000+00:00,40.4224477,-3.6975331,40.4040369,-3.7058678,2974,IN_SUBWAY,HIGH
420,2022-03-24,2022-03-24 22:17:36.937000+00:00,2022-03-24 22:30:59.306000+00:00,40.4040369,-3.7058678,40.4068805,-3.7048358,892,WALKING,HIGH
421,2022-03-25,2022-03-25 11:45:47.035000+00:00,2022-03-25 12:02:20.994000+00:00,40.4070098,-3.7041137,40.4068621,-3.7145803,1399,WALKING,HIGH
422,2022-03-25,2022-03-25 14:02:01.106000+00:00,2022-03-25 14:14:22.097000+00:00,40.4073841,-3.7137969,40.4068089,-3.7049834,1405,WALKING,HIGH
423,2022-03-25,2022-03-25 20:01:08.550000+00:00,2022-03-25 20:06:00.550000+00:00,40.4068270,-3.7050489,40.4054989,-3.7021392,488,WALKING,HIGH
424,2022-03-25,2022-03-25 20:37:16.588000+00:00,2022-03-25 20:40:16.984000+00:00,40.4050553,-3.7020252,40.4069368,-3.7036928,260,WALKING,HIGH
425,2022-03-26,2022-03-26 12:18:04.046000+00:00,2022-03-26 12:27:48.100000+00:00,40.4068112,-3.7047443,40.4040569,-3.7056914,614,WALKING,HIGH
426,2022-03-26,2022-03-26 12:36:53.406000+00:00,2022-03-26 13:00:34.028000+00:00,40.4040355,-3.7058526,40.4032386,-3.7612076,7052,IN_SUBWAY,HIGH
427,2022-03-26,2022-03-26 13:00:34.028000+00:00,2022-03-26 14:44:26.067000+00:00,40.4032386,-3.7612076,40.4237028,-3.7104040,5951,WALKING,MEDIUM
428,2022-03-26,2022-03-26 14:52:05.980000+00:00,2022-03-26 14:55:17.925000+00:00,40.4238112,-3.7115730,40.4200283,-3.7055894,700,IN_SUBWAY,MEDIUM
429,2022-03-26,2022-03-26 15:06:50.794000+00:00,2022-03-26 15:09:54.690000+00:00,40.4196162,-3.7063803,40.4197744,-3.7089697,295,WALKING,HIGH
430,2022-03-26,2022-03-26 16:04:19.165000+00:00,2022-03-26 16:06:25.212000+00:00,40.4197494,-3.7087362,40.4197743,-3.7073562,117,WALKING,HIGH
431,2022-03-26,2022-03-26 16:12:10.577000+00:00,2022-03-26 16:16:43.615000+00:00,40.4204047,-3.7062400,40.4050600,-3.7023146,1738,IN_SUBWAY,MEDIUM
432,2022-03-26,2022-03-26 16:32:15.997000+00:00,2022-03-26 16:34:01.085000+00:00,40.4059804,-3.7031839,40.4070334,-3.7039692,138,WALKING,HIGH
433,2022-03-26,2022-03-26 19:40:00.012000+00:00,2022-03-26 19:48:09.790000+00:00,40.4073861,-3.7038620,40.4107476,-3.7008209,790,WALKING,HIGH
434,2022-03-26,2022-03-26 19:54:36.956000+00:00,2022-03-26 20:04:37.527000+00:00,40.4107169,-3.7006851,40.4073386,-3.7037184,607,WALKING,HIGH
435,2022-03-27,2022-03-27 11:29:02.537000+00:00,2022-03-27 11:33:04.833000+00:00,40.4068837,-3.7051157,40.4078121,-3.7042186,212,WALKING,HIGH
436,2022-03-27,2022-03-27 14:25:04.140000+00:00,2022-03-27 14:32:13.081000+00:00,40.4078091,-3.7042151,40.4071212,-3.7050748,137,WALKING,HIGH
437,2022-03-28,2022-03-28 07:48:11.306000+00:00,2022-03-28 07:56:54.564000+00:00,40.4074420,-3.7037804,40.4117838,-3.7062740,861,WALKING,HIGH
438,2022-03-28,2022-03-28 12:44:53.560000+00:00,2022-03-28 12:47:03.912000+00:00,40.4124840,-3.7049910,40.4126742,-3.7039064,110,WALKING,HIGH
439,2022-03-28,2022-03-28 13:18:24.042000+00:00,2022-03-28 13:19:49.352000+00:00,40.4124130,-3.7041576,40.4126213,-3.7052714,100,WALKING,HIGH
440,2022-03-28,2022-03-28 15:06:38.032000+00:00,2022-03-28 15:14:00.385000+00:00,40.4115612,-3.7051376,40.4073123,-3.7037647,556,WALKING,HIGH
441,2022-03-29,2022-03-29 12:56:03.369000+00:00,2022-03-29 13:02:26.707000+00:00,40.4071198,-3.7040036,40.4046728,-3.7025476,476,WALKING,MEDIUM
442,2022-03-29,2022-03-29 13:02:26.707000+00:00,2022-03-29 13:14:08.622000+00:00,40.4046728,-3.7025476,40.4181067,-3.7042163,1904,IN_SUBWAY,LOW
443,2022-03-29,2022-03-29 14:53:23.383000+00:00,2022-03-29 15:14:14.925000+00:00,40.4201530,-3.7039643,40.4070761,-3.7050667,2361,IN_SUBWAY,LOW
444,2022-03-30,2022-03-30 07:21:55.550000+00:00,2022-03-30 07:31:25.998000+00:00,40.4068193,-3.7049753,40.4121655,-3.7053344,903,WALKING,HIGH
445,2022-03-30,2022-03-30 09:19:46.100000+00:00,2022-03-30 09:33:46.097000+00:00,40.4124024,-3.7043225,40.4140612,-3.6923141,1364,WALKING,HIGH
446,2022-03-30,2022-03-30 12:22:32.718000+00:00,2022-03-30 12:24:43.713000+00:00,40.4119473,-3.7053370,40.4108724,-3.7052130,159,WALKING,HIGH
447,2022-03-30,2022-03-30 13:13:11.261000+00:00,2022-03-30 13:17:45.903000+00:00,40.4108773,-3.7051256,40.4123643,-3.7060345,286,WALKING,HIGH
448,2022-03-30,2022-03-30 15:04:47.944000+00:00,2022-03-30 15:10:50.370000+00:00,40.4111575,-3.7049236,40.4076656,-3.7041138,436,WALKING,HIGH
449,2022-03-30,2022-03-30 20:33:10.817000+00:00,2022-03-30 20:35:12.414000+00:00,40.4070896,-3.7039443,40.4058654,-3.7030979,158,WALKING,HIGH
450,2022-03-30,2022-03-30 20:47:19.225000+00:00,2022-03-30 21:03:42.924000+00:00,40.4048767,-3.7024594,40.4252577,-3.7019691,2492,WALKING,MEDIUM
451,2022-03-30,2022-03-30 22:40:10.820000+00:00,2022-03-30 22:43:41.995000+00:00,40.4260828,-3.7017478,40.4276139,-3.7018669,213,WALKING,HIGH
452,2022-03-30,2022-03-30 23:01:23.957000+00:00,2022-03-30 23:08:54.112000+00:00,40.4289250,-3.7017815,40.4298223,-3.7008799,132,WALKING,LOW
453,2022-03-30,2022-03-30 23:08:54.112000+00:00,2022-03-30 23:34:06.134000+00:00,40.4298223,-3.7008799,40.4069094,-3.7050933,2974,IN_SUBWAY,LOW
454,2022-03-31,2022-03-31 08:15:21.395000+00:00,2022-03-31 08:30:09.250000+00:00,40.4069099,-3.7044332,40.4122830,-3.7052727,718,WALKING,MEDIUM
455,2022-03-31,2022-03-31 10:41:23.402000+00:00,2022-03-31 10:47:38.511000+00:00,40.4115357,-3.7051448,40.4078538,-3.7041314,557,WALKING,HIGH
456,2022-03-31,2022-03-31 12:55:11.311000+00:00,2022-03-31 12:58:01.167000+00:00,40.4073213,-3.7038759,40.4085210,-3.7023243,264,WALKING,HIGH
457,2022-03-31,2022-03-31 13:29:00.774000+00:00,2022-03-31 13:34:55.851000+00:00,40.4089018,-3.7016981,40.4078523,-3.7040320,237,WALKING,HIGH
458,2022-03-31,2022-03-31 14:37:21.038000+00:00,2022-03-31 14:43:27.566000+00:00,40.4070456,-3.7039676,40.4050982,-3.7022846,362,WALKING,HIGH
459,2022-03-31,2022-03-31 14:43:27.566000+00:00,2022-03-31 14:55:41.756000+00:00,40.4050982,-3.7022846,40.4293302,-3.7013957,2829,IN_SUBWAY,MEDIUM
460,2022-03-31,2022-03-31 14:55:41.756000+00:00,2022-03-31 14:59:22.389000+00:00,40.4293302,-3.7013957,40.4286211,-3.7001721,477,WALKING,MEDIUM
461,2022-03-31,2022-03-31 16:13:46.018000+00:00,2022-03-31 16:36:20.325000+00:00,40.4282596,-3.6990589,40.4069594,-3.7045195,3124,IN_SUBWAY,MEDIUM
462,2022-04-01,2022-04-01 12:27:21.574000+00:00,2022-04-01 12:40:39.576000+00:00,40.4078951,-3.7041791,40.4148210,-3.7063118,912,WALKING,HIGH
463,2022-04-01,2022-04-01 13:13:25.281000+00:00,2022-04-01 13:16:00.607000+00:00,40.4160832,-3.7055651,40.4166951,-3.7041615,151,WALKING,LOW
464,2022-04-01,2022-04-01 13:16:00.607000+00:00,2022-04-01 13:28:37.957000+00:00,40.4166951,-3.7041615,40.4314948,-3.7058463,1845,IN_SUBWAY,MEDIUM
465,2022-04-01,2022-04-01 13:53:16.578000+00:00,2022-04-01 14:03:24.625000+00:00,40.4315244,-3.7059712,40.4302048,-3.7056403,325,WALKING,HIGH
466,2022-04-01,2022-04-01 14:03:24.625000+00:00,2022-04-01 14:18:38.858000+00:00,40.4302048,-3.7056403,40.4048328,-3.7024043,3069,IN_SUBWAY,HIGH
467,2022-04-01,2022-04-01 14:18:38.858000+00:00,2022-04-01 14:25:31.040000+00:00,40.4048328,-3.7024043,40.4069785,-3.7044445,294,WALKING,MEDIUM
468,2022-04-02,2022-04-02 12:10:47.266000+00:00,2022-04-02 12:14:56.819000+00:00,40.4064150,-3.7061186,40.4052749,-3.7070432,285,WALKING,HIGH
469,2022-04-02,2022-04-02 13:56:13.743000+00:00,2022-04-02 14:00:28.697000+00:00,40.4047257,-3.7068538,40.4066099,-3.7056656,275,WALKING,HIGH
470,2022-04-03,2022-04-03 11:28:01.896000+00:00,2022-04-03 11:30:29.388000+00:00,40.4068398,-3.7048878,40.4079676,-3.7045130,163,WALKING,HIGH
471,2022-04-03,2022-04-03 12:23:08.863000+00:00,2022-04-03 12:44:38.889000+00:00,40.4078235,-3.7046500,40.4046753,-3.7025775,619,WALKING,LOW
472,2022-04-03,2022-04-03 12:44:38.889000+00:00,2022-04-03 13:03:48.446000+00:00,40.4046753,-3.7025775,40.4165012,-3.7354240,4881,IN_SUBWAY,HIGH
473,2022-04-03,2022-04-03 13:03:48.446000+00:00,2022-04-03 14:28:07.265000+00:00,40.4165012,-3.7354240,40.4235070,-3.7109509,4303,WALKING,LOW
474,2022-04-03,2022-04-03 14:28:07.265000+00:00,2022-04-03 14:42:51.255000+00:00,40.4235070,-3.7109509,40.4068539,-3.7037588,2607,IN_SUBWAY,MEDIUM
475,2022-04-04,2022-04-04 07:53:22.006000+00:00,2022-04-04 08:00:58.102000+00:00,40.4072211,-3.7038087,40.4118563,-3.7052643,580,WALKING,HIGH
476,2022-04-04,2022-04-04 12:46:42.069000+00:00,2022-04-04 12:48:40.677000+00:00,40.4126873,-3.7054718,40.4122199,-3.7043494,117,WALKING,HIGH
477,2022-04-04,2022-04-04 13:21:15.619000+00:00,2022-04-04 13:23:24.136000+00:00,40.4122151,-3.7043439,40.4125005,-3.7060045,172,WALKING,HIGH
478,2022-04-04,2022-04-04 15:06:35.191000+00:00,2022-04-04 15:13:26.815000+00:00,40.4114656,-3.7050865,40.4074630,-3.7039854,488,WALKING,HIGH
479,2022-04-05,2022-04-05 13:10:35.876000+00:00,2022-04-05 13:16:27.823000+00:00,40.4070972,-3.7038467,40.4099990,-3.7009583,595,WALKING,HIGH
480,2022-04-05,2022-04-05 14:22:34.074000+00:00,2022-04-05 14:28:48.733000+00:00,40.4098367,-3.7009906,40.4069917,-3.7042599,465,WALKING,HIGH
481,2022-04-05,2022-04-05 20:23:29.653000+00:00,2022-04-05 20:26:29.934000+00:00,40.4069554,-3.7044470,40.4056160,-3.7033044,351,WALKING,HIGH
482,2022-04-05,2022-04-05 20:35:33.466000+00:00,2022-04-05 20:51:05.465000+00:00,40.4049880,-3.7042186,40.4224253,-3.6976659,3102,IN_SUBWAY,MEDIUM
483,2022-04-05,2022-04-05 21:42:20.652000+00:00,2022-04-05 21:44:21.885000+00:00,40.4232162,-3.6980756,40.4226809,-3.6975919,72,WALKING,HIGH
484,2022-04-05,2022-04-05 21:51:37.805000+00:00,2022-04-05 22:02:15.765000+00:00,40.4224900,-3.6975882,40.4040430,-3.7058761,2814,IN_SUBWAY,HIGH
485,2022-04-05,2022-04-05 22:02:15.765000+00:00,2022-04-05 22:13:26.797000+00:00,40.4040430,-3.7058761,40.4069217,-3.7037697,681,WALKING,MEDIUM
486,2022-04-06,2022-04-06 09:11:45.708000+00:00,2022-04-06 09:29:46.823000+00:00,40.4068460,-3.7050647,40.4121226,-3.7053326,798,WALKING,HIGH
487,2022-04-06,2022-04-06 12:29:35.905000+00:00,2022-04-06 12:37:58.207000+00:00,40.4123698,-3.7061049,40.4108564,-3.7047795,301,WALKING,HIGH
488,2022-04-06,2022-04-06 12:54:32.535000+00:00,2022-04-06 12:58:27.875000+00:00,40.4108564,-3.7047477,40.4126586,-3.7059247,258,WALKING,HIGH
489,2022-04-06,2022-04-06 17:30:11.904000+00:00,2022-04-06 17:37:35.402000+00:00,40.4129131,-3.7061892,40.4101522,-3.7093641,492,WALKING,HIGH
490,2022-04-06,2022-04-06 18:31:18.674000+00:00,2022-04-06 18:33:21.026000+00:00,40.4099118,-3.7104448,40.4102692,-3.7119282,138,WALKING,HIGH
491,2022-04-06,2022-04-06 19:27:28.547000+00:00,2022-04-06 19:28:30.614000+00:00,40.4111590,-3.7116568,40.4114494,-3.7108891,72,WALKING,HIGH
492,2022-04-06,2022-04-06 20:37:49.416000+00:00,2022-04-06 20:48:56.667000+00:00,40.4112724,-3.7087974,40.4068105,-3.7050812,728,WALKING,HIGH
493,2022-04-07,2022-04-07 08:09:40.611000+00:00,2022-04-07 08:20:56.682000+00:00,40.4071153,-3.7050752,40.4117557,-3.7052519,755,WALKING,HIGH
494,2022-04-07,2022-04-07 10:34:04.827000+00:00,2022-04-07 10:35:22.274000+00:00,40.4116893,-3.7066656,40.4111954,-3.7071810,87,WALKING,HIGH
495,2022-04-07,2022-04-07 11:22:41.746000+00:00,2022-04-07 11:27:51.543000+00:00,40.4087561,-3.7072460,40.4065872,-3.7056159,437,WALKING,HIGH
496,2022-04-07,2022-04-07 15:04:14.714000+00:00,2022-04-07 15:11:34.754000+00:00,40.4070510,-3.7040340,40.4048838,-3.7024638,400,WALKING,HIGH
497,2022-04-07,2022-04-07 15:11:34.754000+00:00,2022-04-07 15:27:57.913000+00:00,40.4048838,-3.7024638,40.4296665,-3.7053282,3388,IN_SUBWAY,HIGH
498,2022-04-07,2022-04-07 15:27:57.913000+00:00,2022-04-07 15:41:50.157000+00:00,40.4296665,-3.7053282,40.4335524,-3.7065043,846,WALKING,MEDIUM
499,2022-04-07,2022-04-07 16:00:33.854000+00:00,2022-04-07 16:38:44.616000+00:00,40.4323683,-3.7053162,40.4284881,-3.7000404,2065,WALKING,MEDIUM
500,2022-04-07,2022-04-07 18:16:46.438000+00:00,2022-04-07 18:21:41.256000+00:00,40.4284996,-3.7000057,40.4299492,-3.7009283,181,WALKING,MEDIUM
501,2022-04-07,2022-04-07 18:21:41.256000+00:00,2022-04-07 18:31:42.988000+00:00,40.4299492,-3.7009283,40.4048940,-3.7023150,2833,IN_SUBWAY,HIGH
502,2022-04-07,2022-04-07 18:31:42.988000+00:00,2022-04-07 18:39:13.154000+00:00,40.4048940,-3.7023150,40.4069156,-3.7051326,349,WALKING,MEDIUM
503,2022-04-08,2022-04-08 09:05:04.194000+00:00,2022-04-08 09:16:04.606000+00:00,40.4069220,-3.7047092,40.4054901,-3.7013514,450,WALKING,HIGH
504,2022-04-08,2022-04-08 10:29:51.097000+00:00,2022-04-08 10:35:04.333000+00:00,40.4051388,-3.7012694,40.4070073,-3.7037248,438,WALKING,HIGH
505,2022-04-08,2022-04-08 10:51:16.744000+00:00,2022-04-08 11:01:22.729000+00:00,40.4067447,-3.7040493,40.4057358,-3.6886360,1496,IN_SUBWAY,LOW
506,2022-04-08,2022-04-08 11:25:09.934000+00:00,2022-04-08 11:39:23.213000+00:00,40.4069046,-3.6881393,40.4350048,-3.6865231,4695,IN_PASSENGER_VEHICLE,HIGH
507,2022-04-08,2022-04-08 12:57:31.202000+00:00,2022-04-08 13:12:04.014000+00:00,40.4349617,-3.6866030,40.4068822,-3.7042617,4141,IN_PASSENGER_VEHICLE,HIGH
508,2022-04-08,2022-04-08 15:04:20.211000+00:00,2022-04-08 15:26:53.198000+00:00,40.4077976,-3.7041174,40.4142861,-3.6919511,3353,IN_PASSENGER_VEHICLE,HIGH
509,2022-04-08,2022-04-08 16:01:22.522000+00:00,2022-04-08 16:14:14.981000+00:00,40.4141760,-3.6919245,40.4068325,-3.7050246,1702,IN_PASSENGER_VEHICLE,MEDIUM
510,2022-04-08,2022-04-08 16:43:49.850000+00:00,2022-04-08 16:51:27.772000+00:00,40.4068001,-3.7049850,40.4066799,-3.6910049,1577,IN_PASSENGER_VEHICLE,MEDIUM
511,2022-04-08,2022-04-08 17:37:40.395000+00:00,2022-04-08 20:35:39.850000+00:00,40.4008925,-3.6849855,36.7114567,-4.4326168,415875,UNKNOWN_ACTIVITY_TYPE,LOW
512,2022-04-08,2022-04-08 21:13:49.964000+00:00,2022-04-08 22:30:38.864000+00:00,36.7119909,-4.4315535,36.4341135,-5.1104608,70853,IN_PASSENGER_VEHICLE,HIGH
513,2022-04-09,2022-04-09 13:36:11.936000+00:00,2022-04-09 14:31:08.882000+00:00,36.4333500,-5.1110432,36.4290850,-5.1303399,1932,WALKING,MEDIUM
514,2022-04-09,2022-04-09 15:58:23.555000+00:00,2022-04-09 16:51:46.898000+00:00,36.4293375,-5.1299910,36.4333170,-5.1112660,2116,WALKING,HIGH
515,2022-04-10,2022-04-10 15:22:20.724000+00:00,2022-04-10 15:39:21.439000+00:00,36.4342941,-5.1105672,36.4873198,-4.9538966,16643,IN_PASSENGER_VEHICLE,HIGH
516,2022-04-10,2022-04-10 15:44:07.186000+00:00,2022-04-10 15:56:38.212000+00:00,36.4868570,-4.9550531,36.4866270,-4.9566813,2097,IN_PASSENGER_VEHICLE,MEDIUM
517,2022-04-10,2022-04-10 15:56:38.212000+00:00,2022-04-10 16:35:33.036000+00:00,36.4866270,-4.9566813,36.4856294,-4.9566051,2685,WALKING,MEDIUM
518,2022-04-10,2022-04-10 16:50:27.230000+00:00,2022-04-10 17:26:30.575000+00:00,36.4866023,-4.9547238,36.4476874,-5.0884529,28126,IN_PASSENGER_VEHICLE,HIGH
519,2022-04-10,2022-04-10 19:00:21.908000+00:00,2022-04-10 19:24:10.390000+00:00,36.4469554,-5.0890835,36.4343007,-5.1103683,7759,IN_PASSENGER_VEHICLE,HIGH
520,2022-04-11,2022-04-11 13:51:55.109000+00:00,2022-04-11 14:37:23.818000+00:00,36.4341475,-5.1104700,36.5992682,-4.6330652,49741,IN_PASSENGER_VEHICLE,HIGH
521,2022-04-11,2022-04-11 14:47:20.603000+00:00,2022-04-11 14:59:58.226000+00:00,36.5990152,-4.6345045,36.5958640,-4.6384799,555,WALKING,HIGH
522,2022-04-11,2022-04-11 17:01:44.649000+00:00,2022-04-11 17:07:36.994000+00:00,36.5975386,-4.6363618,36.5992777,-4.6330966,358,WALKING,MEDIUM
523,2022-04-11,2022-04-11 17:12:37.255000+00:00,2022-04-11 17:54:52.181000+00:00,36.5998402,-4.6324112,36.4350438,-5.1106875,53018,IN_PASSENGER_VEHICLE,HIGH
524,2022-04-12,2022-04-12 14:39:32.594000+00:00,2022-04-12 15:14:19.694000+00:00,36.4343300,-5.1105241,36.5216748,-4.8749166,24134,IN_PASSENGER_VEHICLE,HIGH
525,2022-04-12,2022-04-12 18:10:22.726000+00:00,2022-04-12 18:39:52.591000+00:00,36.5213755,-4.8744341,36.4285021,-5.1309566,25383,IN_PASSENGER_VEHICLE,HIGH
526,2022-04-12,2022-04-12 19:08:33.814000+00:00,2022-04-12 19:20:37.140000+00:00,36.4286423,-5.1309977,36.4340153,-5.1102704,1963,IN_PASSENGER_VEHICLE,HIGH
527,2022-04-13,2022-04-13 11:54:33.486000+00:00,2022-04-13 13:00:50.732000+00:00,36.4346409,-5.1106439,36.7013273,-4.4397490,79114,IN_PASSENGER_VEHICLE,HIGH
528,2022-04-13,2022-04-13 15:10:22.949000+00:00,2022-04-13 15:41:53.079000+00:00,36.6994291,-4.4390709,36.7051179,-4.4364556,1170,WALKING,HIGH
529,2022-04-13,2022-04-13 16:38:25.038000+00:00,2022-04-13 16:40:31.058000+00:00,36.7045047,-4.4352515,36.7050537,-4.4363145,112,WALKING,HIGH
530,2022-04-13,2022-04-13 17:30:01.401000+00:00,2022-04-13 17:41:09.073000+00:00,36.7050886,-4.4364992,36.7184569,-4.4108343,2762,IN_PASSENGER_VEHICLE,HIGH
531,2022-04-13,2022-04-13 17:41:09.073000+00:00,2022-04-13 18:41:39.718000+00:00,36.7184569,-4.4108343,36.7227653,-4.4163024,2555,WALKING,LOW
532,2022-04-13,2022-04-13 18:41:39.718000+00:00,2022-04-13 18:56:10.942000+00:00,36.7227653,-4.4163024,36.6994874,-4.4401087,3657,IN_PASSENGER_VEHICLE,MEDIUM
533,2022-04-13,2022-04-13 19:06:19.835000+00:00,2022-04-13 20:07:26.410000+00:00,36.7012882,-4.4390903,36.4343506,-5.1104824,72533,IN_PASSENGER_VEHICLE,MEDIUM
534,2022-04-14,2022-04-14 12:26:14.075000+00:00,2022-04-14 13:12:56.028000+00:00,36.4343659,-5.1106607,36.5108237,-4.8777331,30560,IN_PASSENGER_VEHICLE,HIGH
535,2022-04-14,2022-04-14 13:12:56.028000+00:00,2022-04-14 13:24:31.810000+00:00,36.5108237,-4.8777331,36.5085610,-4.8803490,1040,WALKING,LOW
536,2022-04-14,2022-04-14 13:47:31.225000+00:00,2022-04-14 14:05:11.042000+00:00,36.5081815,-4.8813510,36.5092316,-4.8786130,865,WALKING,LOW
537,2022-04-14,2022-04-14 14:05:11.042000+00:00,2022-04-14 14:42:07.011000+00:00,36.5092316,-4.8786130,36.4344189,-5.1103506,36499,IN_PASSENGER_VEHICLE,HIGH
538,2022-04-15,2022-04-15 11:01:54.236000+00:00,2022-04-15 11:09:39.398000+00:00,36.4340228,-5.1104489,36.4304002,-5.1275648,1583,IN_PASSENGER_VEHICLE,MEDIUM
539,2022-04-15,2022-04-15 11:27:30.001000+00:00,2022-04-15 13:04:30.254000+00:00,36.4305044,-5.1287666,36.7120314,-4.4323002,69771,IN_BUS,HIGH
540,2022-04-15,2022-04-15 14:12:32.870000+00:00,2022-04-15 17:05:32.433000+00:00,36.7114416,-4.4327095,40.1184513,-3.7840278,383031,UNKNOWN_ACTIVITY_TYPE,LOW
541,2022-04-15,2022-04-15 17:13:56.495000+00:00,2022-04-15 17:23:09.466000+00:00,40.4062933,-3.6890121,40.4048497,-3.7026390,1164,IN_SUBWAY,MEDIUM
542,2022-04-15,2022-04-15 17:23:09.466000+00:00,2022-04-15 17:33:39.011000+00:00,40.4048497,-3.7026390,40.4068321,-3.7050366,344,WALKING,LOW
543,2022-04-17,2022-04-17 16:48:56.060000+00:00,2022-04-17 16:53:00.419000+00:00,40.4068181,-3.7050833,40.4050033,-3.7018062,375,WALKING,HIGH
544,2022-04-17,2022-04-17 17:08:07.915000+00:00,2022-04-17 17:11:36.231000+00:00,40.4050130,-3.7023050,40.4069907,-3.7040712,266,WALKING,HIGH
545,2022-04-18,2022-04-18 07:48:38.056000+00:00,2022-04-18 07:56:15.110000+00:00,40.4071926,-3.7040174,40.4116550,-3.7067736,623,WALKING,HIGH
546,2022-04-18,2022-04-18 09:12:50.276000+00:00,2022-04-18 09:25:27.137000+00:00,40.4122380,-3.7050592,40.4133753,-3.6932372,1100,IN_SUBWAY,LOW
547,2022-04-18,2022-04-18 11:08:15.464000+00:00,2022-04-18 11:30:06.314000+00:00,40.4140589,-3.6923416,40.4123705,-3.7050119,1458,WALKING,MEDIUM
548,2022-04-18,2022-04-18 12:45:07.111000+00:00,2022-04-18 12:48:16.754000+00:00,40.4124017,-3.7061090,40.4128561,-3.7038929,247,WALKING,HIGH
549,2022-04-18,2022-04-18 13:22:36.322000+00:00,2022-04-18 13:27:43.010000+00:00,40.4130534,-3.7041257,40.4124125,-3.7060994,247,WALKING,HIGH
550,2022-04-18,2022-04-18 15:07:49.592000+00:00,2022-04-18 15:15:15.868000+00:00,40.4116578,-3.7051776,40.4073405,-3.7038866,531,WALKING,HIGH
551,2022-04-19,2022-04-19 12:17:46.801000+00:00,2022-04-19 12:21:48.341000+00:00,40.4071178,-3.7050413,40.4057325,-3.7068883,364,WALKING,HIGH
552,2022-04-19,2022-04-19 13:43:52.430000+00:00,2022-04-19 13:46:55.487000+00:00,40.4050638,-3.7068695,40.4065838,-3.7059638,221,WALKING,HIGH
553,2022-04-20,2022-04-20 09:19:03.373000+00:00,2022-04-20 09:31:05.860000+00:00,40.4068405,-3.7050656,40.4127283,-3.7055916,875,WALKING,HIGH
554,2022-04-20,2022-04-20 13:05:40.732000+00:00,2022-04-20 13:07:07.622000+00:00,40.4116920,-3.7052185,40.4108943,-3.7047411,97,WALKING,HIGH
555,2022-04-20,2022-04-20 13:31:39.798000+00:00,2022-04-20 13:33:34.876000+00:00,40.4109127,-3.7047406,40.4120400,-3.7053495,135,WALKING,HIGH
556,2022-04-20,2022-04-20 15:05:10.786000+00:00,2022-04-20 15:12:18.955000+00:00,40.4117030,-3.7052108,40.4075425,-3.7039698,516,WALKING,HIGH
557,2022-04-21,2022-04-21 08:19:47.806000+00:00,2022-04-21 08:30:34.720000+00:00,40.4070891,-3.7050460,40.4117081,-3.7052366,917,WALKING,HIGH
558,2022-04-21,2022-04-21 10:35:04.652000+00:00,2022-04-21 10:49:21.149000+00:00,40.4120751,-3.7053815,40.4109556,-3.7005709,984,WALKING,HIGH
559,2022-04-21,2022-04-21 12:59:01.573000+00:00,2022-04-21 13:06:57.312000+00:00,40.4110117,-3.7005237,40.4073023,-3.7038071,538,WALKING,HIGH
560,2022-04-21,2022-04-21 19:24:41.919000+00:00,2022-04-21 19:28:51.515000+00:00,40.4070272,-3.7050702,40.4061350,-3.7032860,210,WALKING,HIGH
561,2022-04-21,2022-04-21 19:36:49.511000+00:00,2022-04-21 19:51:22.774000+00:00,40.4047992,-3.7034798,40.4225874,-3.6975206,2988,IN_SUBWAY,MEDIUM
562,2022-04-21,2022-04-21 23:00:02.474000+00:00,2022-04-21 23:17:12.623000+00:00,40.4225366,-3.6975540,40.4047923,-3.7034553,2929,IN_SUBWAY,LOW
563,2022-04-21,2022-04-21 23:23:00.495000+00:00,2022-04-21 23:27:15.506000+00:00,40.4047781,-3.7022792,40.4069872,-3.7042633,298,WALKING,HIGH
564,2022-04-22,2022-04-22 11:46:12.736000+00:00,2022-04-22 11:50:58.067000+00:00,40.4069708,-3.7050499,40.4058177,-3.7031211,465,WALKING,HIGH
565,2022-04-22,2022-04-22 11:58:38.359000+00:00,2022-04-22 12:02:59.923000+00:00,40.4051619,-3.7023098,40.4204001,-3.7063082,1752,IN_SUBWAY,MEDIUM
566,2022-04-22,2022-04-22 12:02:59.923000+00:00,2022-04-22 12:24:19.947000+00:00,40.4204001,-3.7063082,40.4243442,-3.7078927,1014,WALKING,HIGH
567,2022-04-22,2022-04-22 14:22:02.456000+00:00,2022-04-22 14:28:06.175000+00:00,40.4235390,-3.7094046,40.4239441,-3.7098971,330,WALKING,LOW
568,2022-04-22,2022-04-22 14:28:06.175000+00:00,2022-04-22 14:43:20.492000+00:00,40.4239441,-3.7098971,40.4281476,-3.6991120,1657,IN_SUBWAY,MEDIUM
569,2022-04-22,2022-04-22 16:00:00.700000+00:00,2022-04-22 16:03:36.073000+00:00,40.4283151,-3.6993110,40.4288103,-3.7015672,198,WALKING,HIGH
570,2022-04-22,2022-04-22 16:13:29.176000+00:00,2022-04-22 16:30:49.538000+00:00,40.4299121,-3.7008287,40.4070539,-3.7040164,3141,IN_SUBWAY,MEDIUM
571,2022-04-23,2022-04-23 17:41:39.045000+00:00,2022-04-23 17:51:12.163000+00:00,40.4068879,-3.7047862,40.4098915,-3.7001901,565,WALKING,HIGH
572,2022-04-23,2022-04-23 19:27:32.668000+00:00,2022-04-23 19:35:27.546000+00:00,40.4099408,-3.6991615,40.4074382,-3.7034429,482,WALKING,HIGH
573,2022-04-24,2022-04-24 14:04:17.645000+00:00,2022-04-24 14:35:02.219000+00:00,40.4073477,-3.7038731,40.4164031,-3.7059899,2995,WALKING,HIGH
574,2022-04-24,2022-04-24 15:03:29.285000+00:00,2022-04-24 15:17:32.361000+00:00,40.4154843,-3.7077599,40.4080890,-3.7044605,913,WALKING,HIGH
575,2022-04-24,2022-04-24 18:23:04.489000+00:00,2022-04-24 18:36:13.649000+00:00,40.4068433,-3.7049571,40.4047898,-3.7024747,1198,WALKING,HIGH
576,2022-04-24,2022-04-24 18:36:13.649000+00:00,2022-04-24 18:43:20.143000+00:00,40.4047898,-3.7024747,40.4270080,-3.7137362,2796,IN_SUBWAY,HIGH
577,2022-04-24,2022-04-24 18:43:20.143000+00:00,2022-04-24 19:37:13.145000+00:00,40.4270080,-3.7137362,40.4270751,-3.7136961,2084,WALKING,MEDIUM
578,2022-04-24,2022-04-24 19:37:13.145000+00:00,2022-04-24 19:51:47.154000+00:00,40.4270751,-3.7136961,40.4069481,-3.7037076,3093,IN_SUBWAY,LOW
579,2022-04-25,2022-04-25 07:51:06.190000+00:00,2022-04-25 07:58:51.518000+00:00,40.4072950,-3.7036634,40.4120849,-3.7052247,613,WALKING,HIGH
580,2022-04-25,2022-04-25 12:36:35.997000+00:00,2022-04-25 12:44:56.199000+00:00,40.4138036,-3.7037567,40.4163993,-3.7061269,600,WALKING,HIGH
581,2022-04-25,2022-04-25 12:58:40.310000+00:00,2022-04-25 13:18:11.071000+00:00,40.4164180,-3.7058513,40.4125958,-3.7047780,1063,WALKING,MEDIUM
582,2022-04-25,2022-04-25 15:12:01.053000+00:00,2022-04-25 15:22:02.859000+00:00,40.4119776,-3.7053041,40.4069792,-3.7048002,745,WALKING,HIGH
583,2022-04-26,2022-04-26 13:05:38.143000+00:00,2022-04-26 13:07:59.002000+00:00,40.4064692,-3.7060585,40.4051720,-3.7068679,204,WALKING,HIGH
584,2022-04-26,2022-04-26 14:21:03.398000+00:00,2022-04-26 14:25:09.942000+00:00,40.4046654,-3.7067254,40.4065974,-3.7059849,244,WALKING,HIGH
585,2022-04-26,2022-04-26 17:13:28.262000+00:00,2022-04-26 17:23:57.117000+00:00,40.4071583,-3.7039107,40.4132526,-3.7073557,1092,WALKING,HIGH
586,2022-04-26,2022-04-26 19:01:58.371000+00:00,2022-04-26 19:14:25.516000+00:00,40.4130882,-3.7063798,40.4068853,-3.7048101,824,WALKING,HIGH
587,2022-04-27,2022-04-27 07:15:47.260000+00:00,2022-04-27 07:28:02.130000+00:00,40.4068912,-3.7051065,40.4117852,-3.7062505,943,WALKING,MEDIUM
588,2022-04-27,2022-04-27 09:11:25.943000+00:00,2022-04-27 09:26:55.404000+00:00,40.4123162,-3.7050034,40.4146637,-3.6937796,1196,WALKING,LOW
589,2022-04-27,2022-04-27 11:04:07.238000+00:00,2022-04-27 11:32:02.408000+00:00,40.4147188,-3.6925347,40.4122721,-3.7043427,1400,WALKING,MEDIUM
590,2022-04-27,2022-04-27 12:30:09.179000+00:00,2022-04-27 12:34:46.563000+00:00,40.4115392,-3.7070845,40.4124269,-3.7060779,197,WALKING,HIGH
591,2022-04-27,2022-04-27 15:11:09.945000+00:00,2022-04-27 15:19:03.409000+00:00,40.4121007,-3.7053728,40.4077654,-3.7041552,547,WALKING,HIGH
592,2022-04-28,2022-04-28 08:10:02.356000+00:00,2022-04-28 08:25:29.114000+00:00,40.4068761,-3.7050979,40.4121605,-3.7053506,774,WALKING,HIGH
593,2022-04-28,2022-04-28 10:21:22.796000+00:00,2022-04-28 10:33:15.586000+00:00,40.4116299,-3.7052221,40.4078688,-3.7039941,466,WALKING,HIGH
594,2022-04-28,2022-04-28 13:15:50.616000+00:00,2022-04-28 13:27:35.466000+00:00,40.4068470,-3.7036792,40.4053868,-3.6957616,1462,WALKING,HIGH
595,2022-04-28,2022-04-28 14:43:32.187000+00:00,2022-04-28 14:57:23.481000+00:00,40.4058433,-3.6949769,40.4070116,-3.7037879,957,WALKING,HIGH
596,2022-04-29,2022-04-29 12:37:15.914000+00:00,2022-04-29 12:43:43.344000+00:00,40.4069391,-3.7036596,40.4050201,-3.7025476,344,WALKING,LOW
597,2022-04-29,2022-04-29 12:43:43.344000+00:00,2022-04-29 13:00:23.520000+00:00,40.4050201,-3.7025476,40.4068727,-3.6895638,1376,IN_SUBWAY,LOW
598,2022-04-29,2022-04-29 13:00:23.520000+00:00,2022-04-29 14:58:50.926000+00:00,40.4068727,-3.6895638,40.4250592,-3.6817283,3933,WALKING,LOW
599,2022-04-29,2022-04-29 15:04:07.737000+00:00,2022-04-29 15:09:44.989000+00:00,40.4251096,-3.6825389,40.4289851,-3.7010086,1661,IN_SUBWAY,HIGH
600,2022-04-29,2022-04-29 15:09:44.989000+00:00,2022-04-29 15:17:26.697000+00:00,40.4289851,-3.7010086,40.4285301,-3.6993687,783,WALKING,HIGH
601,2022-04-29,2022-04-29 16:33:53.976000+00:00,2022-04-29 16:39:30.859000+00:00,40.4286361,-3.7003183,40.4298683,-3.7008975,255,WALKING,HIGH
602,2022-04-29,2022-04-29 16:39:30.859000+00:00,2022-04-29 16:47:40.893000+00:00,40.4298683,-3.7008975,40.4118632,-3.6981275,2508,IN_SUBWAY,HIGH
603,2022-04-29,2022-04-29 16:47:40.893000+00:00,2022-04-29 16:52:16.518000+00:00,40.4118632,-3.6981275,40.4130616,-3.6992518,476,WALKING,MEDIUM
604,2022-04-29,2022-04-29 17:31:30.739000+00:00,2022-04-29 17:46:02.236000+00:00,40.4130373,-3.6992509,40.4073388,-3.7037121,850,WALKING,HIGH
605,2022-04-30,2022-04-30 10:04:22.991000+00:00,2022-04-30 10:07:41.882000+00:00,40.4068128,-3.7050699,40.4077945,-3.7042076,166,WALKING,HIGH
606,2022-04-30,2022-04-30 11:48:18.577000+00:00,2022-04-30 14:30:20.999000+00:00,40.4068977,-3.7036687,40.4072000,-3.6884548,3885,WALKING,LOW
607,2022-04-30,2022-04-30 14:47:36.744000+00:00,2022-04-30 14:51:35.611000+00:00,40.4072317,-3.6890795,40.4123035,-3.7040544,1405,IN_SUBWAY,MEDIUM
608,2022-04-30,2022-04-30 15:35:19.040000+00:00,2022-04-30 15:43:17.568000+00:00,40.4124491,-3.7075802,40.4078831,-3.7042361,605,WALKING,HIGH
609,2022-05-01,2022-05-01 11:13:17.945000+00:00,2022-05-01 11:28:49.348000+00:00,40.4071107,-3.7050461,40.4114210,-3.7093682,991,WALKING,HIGH
610,2022-05-01,2022-05-01 12:43:43.622000+00:00,2022-05-01 12:50:33.589000+00:00,40.4114244,-3.7097672,40.4126660,-3.7074617,340,WALKING,HIGH
611,2022-05-01,2022-05-01 13:06:15.225000+00:00,2022-05-01 13:08:02.982000+00:00,40.4131585,-3.7069152,40.4127515,-3.7056546,115,WALKING,HIGH
612,2022-05-01,2022-05-01 13:17:41.175000+00:00,2022-05-01 13:24:50.416000+00:00,40.4113124,-3.7049282,40.4073690,-3.7038067,478,WALKING,HIGH
613,2022-05-01,2022-05-01 15:27:36.340000+00:00,2022-05-01 15:32:55.381000+00:00,40.4070734,-3.7040430,40.4092817,-3.7018751,326,WALKING,HIGH
614,2022-05-01,2022-05-01 16:11:22.127000+00:00,2022-05-01 16:25:05.609000+00:00,40.4091042,-3.7016648,40.4051554,-3.7018711,727,WALKING,HIGH
615,2022-05-01,2022-05-01 21:25:32.744000+00:00,2022-05-01 21:30:47.588000+00:00,40.4051426,-3.7012984,40.4069692,-3.7038767,393,WALKING,HIGH
616,2022-05-02,2022-05-02 12:10:27.633000+00:00,2022-05-02 12:33:48.664000+00:00,40.4070295,-3.7041431,40.4093772,-3.7009944,1235,WALKING,MEDIUM
617,2022-05-02,2022-05-02 12:45:58.750000+00:00,2022-05-02 12:52:36.789000+00:00,40.4095664,-3.7010028,40.4070414,-3.7042827,442,WALKING,HIGH
618,2022-05-02,2022-05-02 13:45:21.316000+00:00,2022-05-02 13:51:31.679000+00:00,40.4070521,-3.7039244,40.4047920,-3.7024574,392,WALKING,HIGH
619,2022-05-02,2022-05-02 13:51:31.679000+00:00,2022-05-02 14:17:21.553000+00:00,40.4047920,-3.7024574,40.4315084,-3.7062543,3687,IN_SUBWAY,MEDIUM
620,2022-05-02,2022-05-02 15:14:52.651000+00:00,2022-05-02 15:21:42.715000+00:00,40.4314398,-3.7053690,40.4302098,-3.7056061,300,WALKING,LOW
621,2022-05-02,2022-05-02 15:21:42.715000+00:00,2022-05-02 15:26:27.647000+00:00,40.4302098,-3.7056061,40.4239965,-3.7098238,861,IN_SUBWAY,HIGH
622,2022-05-02,2022-05-02 15:34:05.415000+00:00,2022-05-02 15:40:59.034000+00:00,40.4238227,-3.7115023,40.4048805,-3.7023528,2429,IN_SUBWAY,HIGH
623,2022-05-02,2022-05-02 15:40:59.034000+00:00,2022-05-02 15:45:42.036000+00:00,40.4048805,-3.7023528,40.4069335,-3.7037164,415,WALKING,LOW
624,2022-05-03,2022-05-03 15:05:18.349000+00:00,2022-05-03 15:21:47.468000+00:00,40.4069954,-3.7043435,40.4153919,-3.7074121,1017,WALKING,HIGH
625,2022-05-03,2022-05-03 15:35:24.680000+00:00,2022-05-03 15:48:53.249000+00:00,40.4150077,-3.7076132,40.4074669,-3.7039980,940,WALKING,HIGH
626,2022-05-04,2022-05-04 07:18:08.781000+00:00,2022-05-04 07:25:00.555000+00:00,40.4074525,-3.7038035,40.4116764,-3.7051848,523,WALKING,HIGH
627,2022-05-04,2022-05-04 10:06:44.757000+00:00,2022-05-04 10:13:13.507000+00:00,40.4119137,-3.7053339,40.4077421,-3.7040877,526,WALKING,HIGH
628,2022-05-04,2022-05-04 13:12:41.555000+00:00,2022-05-04 13:20:35.780000+00:00,40.4077049,-3.7039927,40.4121753,-3.7053410,555,WALKING,HIGH
629,2022-05-04,2022-05-04 14:27:21.353000+00:00,2022-05-04 14:34:25.950000+00:00,40.4119197,-3.7053180,40.4078452,-3.7040529,499,WALKING,HIGH
630,2022-05-04,2022-05-04 17:04:27.509000+00:00,2022-05-04 17:23:44.431000+00:00,40.4070549,-3.7043627,40.4152892,-3.7071087,1546,WALKING,HIGH
631,2022-05-04,2022-05-04 17:36:56.397000+00:00,2022-05-04 17:52:46.549000+00:00,40.4150404,-3.7075190,40.4070887,-3.7039524,979,WALKING,HIGH
632,2022-05-05,2022-05-05 09:22:46.733000+00:00,2022-05-05 09:45:26.959000+00:00,40.4070671,-3.7039507,40.4072364,-3.6940869,1291,WALKING,MEDIUM
633,2022-05-05,2022-05-05 12:35:09.558000+00:00,2022-05-05 12:44:51.765000+00:00,40.4083471,-3.6927855,40.4053575,-3.6951052,790,WALKING,HIGH
634,2022-05-05,2022-05-05 13:40:42.614000+00:00,2022-05-05 14:00:39.830000+00:00,40.4061545,-3.6948123,40.4040236,-3.7060840,1128,WALKING,HIGH
635,2022-05-05,2022-05-05 14:00:39.830000+00:00,2022-05-05 14:07:58.259000+00:00,40.4040236,-3.7060840,40.4180695,-3.7096175,1816,IN_SUBWAY,HIGH
636,2022-05-05,2022-05-05 14:07:58.259000+00:00,2022-05-05 14:14:17.754000+00:00,40.4180695,-3.7096175,40.4169021,-3.7118069,314,WALKING,MEDIUM
637,2022-05-05,2022-05-05 14:32:53.709000+00:00,2022-05-05 14:34:57.181000+00:00,40.4182319,-3.7095123,40.4202932,-3.7059859,376,IN_SUBWAY,HIGH
638,2022-05-05,2022-05-05 14:40:04.529000+00:00,2022-05-05 14:51:58.837000+00:00,40.4203902,-3.7063509,40.4069457,-3.7037075,2149,IN_SUBWAY,MEDIUM
639,2022-05-05,2022-05-05 17:24:51.042000+00:00,2022-05-05 17:38:07.070000+00:00,40.4066533,-3.7035654,40.4047651,-3.7023939,610,WALKING,LOW
640,2022-05-05,2022-05-05 17:38:07.070000+00:00,2022-05-05 17:52:17.360000+00:00,40.4047651,-3.7023939,40.4262112,-3.7011621,2438,IN_SUBWAY,LOW
641,2022-05-05,2022-05-05 20:37:00.867000+00:00,2022-05-05 20:49:40.788000+00:00,40.4261270,-3.7012619,40.4050892,-3.7019983,2489,IN_SUBWAY,MEDIUM
