,Start Timestamp,End Timestamp,Start Latitude,Start Longitude,End Latitude,End Longitude,Distance,Activity,Confidence
0,2022-05-22 00:26:53.487000+00:00,2022-05-22 01:04:16.530000+00:00,47..7019914,-117..4127539,47..8158715,-117..3468857,16009,IN_PASSENGER_VEHICLE,HIGH
1,2022-05-22 21:48:14+00:00,2022-05-22 22:05:39+00:00,47..8566574,-117..2777957,47..7719874,-117..4023325,19129,IN_PASSENGER_VEHICLE,HIGH
2,2022-05-23 00:27:20+00:00,2022-05-23 00:47:08.449000+00:00,47..7731568,-117..4029817,47..8561191,-117..2749742,17875,IN_PASSENGER_VEHICLE,HIGH
3,2022-05-23 16:16:00.836000+00:00,2022-05-23 16:58:48.051000+00:00,47..8561216,-117..2749754,47..6676638,-117..4008391,28584,IN_PASSENGER_VEHICLE,HIGH
4,2022-05-23 23:08:05.143000+00:00,2022-05-23 23:44:36.050000+00:00,47..6684577,-117..4024072,47..8407460,-117..3540569,20647,IN_PASSENGER_VEHICLE,HIGH
5,2022-05-24 16:19:51.009000+00:00,2022-05-24 17:00:22.494000+00:00,47..8561173,-117..2749843,47..6668565,-117..4009948,26933,IN_PASSENGER_VEHICLE,HIGH
6,2022-05-24 23:02:16.220000+00:00,2022-05-24 23:31:33+00:00,47..6665513,-117..4005921,47..8017781,-117..3476578,17283,IN_PASSENGER_VEHICLE,HIGH
7,2022-05-24 23:41:37+00:00,2022-05-24 23:51:58+00:00,47..8028075,-117..3485837,47..8562982,-117..2755661,12385,IN_PASSENGER_VEHICLE,HIGH
8,2022-05-25 16:14:35.433000+00:00,2022-05-25 16:55:46.651000+00:00,47..8561196,-117..2749863,47..6669313,-117..4006631,25289,IN_PASSENGER_VEHICLE,HIGH
9,2022-05-25 22:58:36.596000+00:00,2022-05-25 23:47:08.292000+00:00,47..6666007,-117..4008660,47..8561214,-117..2749755,27729,IN_PASSENGER_VEHICLE,HIGH
10,2022-05-26 16:45:01+00:00,2022-05-26 17:25:30+00:00,47..8561353,-117..2755009,47..6572342,-117..4206701,32321,IN_PASSENGER_VEHICLE,HIGH
11,2022-05-26 17:51:24.239000+00:00,2022-05-26 17:54:42.256000+00:00,47..6592740,-117..4234987,47..6591740,-117..4207212,212,WALKING,HIGH
12,2022-05-26 19:00:14.904000+00:00,2022-05-26 19:32:32.750000+00:00,47..6589204,-117..4196675,47..6595812,-117..4209700,1045,WALKING,MEDIUM
13,2022-05-26 20:14:46.752000+00:00,2022-05-26 20:43:35.724000+00:00,47..6603309,-117..4210108,47..6592145,-117..4235073,1682,WALKING,LOW
14,2022-05-26 21:16:53.897000+00:00,2022-05-26 21:20:03.663000+00:00,47..6590751,-117..4220613,47..6578125,-117..4219329,140,WALKING,HIGH
15,2022-05-26 21:26:10+00:00,2022-05-26 22:04:27.957000+00:00,47..6579833,-117..4186338,47..8561202,-117..2749739,26134,IN_PASSENGER_VEHICLE,HIGH
16,2022-05-27 16:16:45.442000+00:00,2022-05-27 16:51:09.874000+00:00,47..8561196,-117..2749863,47..6689367,-117..4030832,26572,IN_PASSENGER_VEHICLE,HIGH
17,2022-05-27 23:12:34.564000+00:00,2022-05-28 00:05:54.615000+00:00,47..6682667,-117..4017874,47..8561209,-117..2749875,25005,IN_PASSENGER_VEHICLE,HIGH
18,2022-05-29 02:59:16+00:00,2022-05-29 03:28:25.019000+00:00,47..8561588,-117..2755897,47..7407295,-117..4284222,26907,IN_PASSENGER_VEHICLE,HIGH
19,2022-05-29 06:53:46+00:00,2022-05-29 07:23:03.384000+00:00,47..7414748,-117..4288110,47..8566454,-117..2768497,22062,IN_PASSENGER_VEHICLE,HIGH
20,2022-05-29 19:23:02.610000+00:00,2022-05-29 19:54:23.208000+00:00,47..8566451,-117..2768498,47..7023137,-117..4123131,22819,IN_PASSENGER_VEHICLE,HIGH
21,2022-05-29 20:19:42.153000+00:00,2022-05-29 20:34:03.855000+00:00,47..7022002,-117..4123972,47..7478565,-117..4004110,5790,IN_PASSENGER_VEHICLE,HIGH
22,2022-05-29 22:56:00.535000+00:00,2022-05-29 23:18:52.731000+00:00,47..7459034,-117..4044696,47..8566453,-117..2768497,15617,IN_PASSENGER_VEHICLE,HIGH
23,2022-05-30 19:44:08.031000+00:00,2022-05-30 20:16:55+00:00,47..8566428,-117..2768481,47..7485364,-117..3993320,21727,IN_PASSENGER_VEHICLE,HIGH
24,2022-05-30 21:33:14.984000+00:00,2022-05-30 21:48:27.366000+00:00,47..7479879,-117..4008396,47..7683913,-117..4040295,4236,IN_PASSENGER_VEHICLE,HIGH
25,2022-05-30 21:53:44+00:00,2022-05-30 21:56:48+00:00,47..7684616,-117..4031564,47..7642820,-117..3938307,1548,IN_PASSENGER_VEHICLE,HIGH
26,2022-05-30 23:08:07+00:00,2022-05-30 23:27:15.737000+00:00,47..7634790,-117..3943751,47..8566782,-117..2769741,14910,IN_PASSENGER_VEHICLE,HIGH
27,2022-05-31 16:14:38.368000+00:00,2022-05-31 16:54:52.364000+00:00,47..8566453,-117..2768497,47..6678062,-117..4017074,25442,IN_PASSENGER_VEHICLE,HIGH
28,2022-05-31 23:09:33.111000+00:00,2022-05-31 23:46:20.865000+00:00,47..6683346,-117..4021291,47..8566447,-117..2768500,24606,IN_PASSENGER_VEHICLE,HIGH
29,2022-06-01 15:28:12+00:00,2022-06-01 15:56:50+00:00,47..8566931,-117..2753560,47..6763099,-117..3900767,29826,IN_PASSENGER_VEHICLE,HIGH
30,2022-06-01 18:22:28.780000+00:00,2022-06-01 18:37:22.629000+00:00,47..6746411,-117..3910278,47..7091446,-117..3652244,4535,IN_PASSENGER_VEHICLE,HIGH
31,2022-06-01 18:54:09+00:00,2022-06-01 19:06:59.497000+00:00,47..7093301,-117..3648173,47..7435815,-117..4086551,5932,IN_PASSENGER_VEHICLE,HIGH
32,2022-06-01 19:14:17.129000+00:00,2022-06-01 19:34:48.334000+00:00,47..7432923,-117..4082679,47..8566439,-117..2768575,15997,IN_PASSENGER_VEHICLE,HIGH
33,2022-06-01 20:37:58.246000+00:00,2022-06-01 21:22:16.114000+00:00,47..8566439,-117..2768482,47..6747079,-117..3907583,25917,IN_PASSENGER_VEHICLE,HIGH
34,2022-06-02 01:02:05.214000+00:00,2022-06-02 01:11:35.989000+00:00,47..6746486,-117..3917686,47..7091489,-117..4110417,4993,IN_PASSENGER_VEHICLE,HIGH
35,2022-06-02 01:29:40+00:00,2022-06-02 01:38:51.934000+00:00,47..7079785,-117..4103501,47..6746815,-117..3911048,4975,IN_PASSENGER_VEHICLE,HIGH
36,2022-06-02 16:48:58+00:00,2022-06-02 17:00:24.765000+00:00,47..6747451,-117..3926424,47..6665297,-117..4007431,1331,IN_PASSENGER_VEHICLE,HIGH
37,2022-06-02 20:46:50.636000+00:00,2022-06-02 20:54:18.489000+00:00,47..6676132,-117..4002683,47..6745904,-117..3916399,1635,IN_PASSENGER_VEHICLE,HIGH
38,2022-06-02 21:01:09.450000+00:00,2022-06-02 21:07:53.192000+00:00,47..6747720,-117..3910327,47..6671796,-117..4006596,1396,IN_PASSENGER_VEHICLE,HIGH
39,2022-06-02 23:00:58.845000+00:00,2022-06-02 23:10:37.869000+00:00,47..6671935,-117..4015508,47..6746498,-117..3916740,1496,IN_PASSENGER_VEHICLE,HIGH
40,2022-06-03 01:49:43.121000+00:00,2022-06-03 01:52:08.573000+00:00,47..6747843,-117..3909813,47..6701001,-117..3966143,922,IN_PASSENGER_VEHICLE,HIGH
41,2022-06-03 02:27:32.803000+00:00,2022-06-03 02:31:04.065000+00:00,47..6691393,-117..3969311,47..6747898,-117..3908848,834,IN_PASSENGER_VEHICLE,HIGH
42,2022-06-03 02:45:23.825000+00:00,2022-06-03 03:03:56.014000+00:00,47..6748801,-117..3909400,47..8012860,-117..3481317,14841,IN_PASSENGER_VEHICLE,HIGH
43,2022-06-03 03:08:18.344000+00:00,2022-06-03 03:26:20.051000+00:00,47..8012694,-117..3480409,47..8566440,-117..2768483,9098,IN_PASSENGER_VEHICLE,HIGH
44,2022-06-03 03:47:31.817000+00:00,2022-06-03 04:17:00+00:00,47..8566454,-117..2768498,47..6748457,-117..3910654,23351,IN_PASSENGER_VEHICLE,HIGH
45,2022-06-03 16:46:36.755000+00:00,2022-06-03 16:58:01.162000+00:00,47..6748188,-117..3909680,47..6668076,-117..4010879,1861,IN_PASSENGER_VEHICLE,HIGH
46,2022-06-03 23:03:23.921000+00:00,2022-06-03 23:12:48.592000+00:00,47..6668608,-117..4016647,47..6745605,-117..3916461,1419,IN_PASSENGER_VEHICLE,HIGH
47,2022-06-04 00:47:31+00:00,2022-06-04 01:05:49+00:00,47..6746806,-117..3915409,47..7477703,-117..4026579,9353,IN_PASSENGER_VEHICLE,HIGH
48,2022-06-04 01:17:26.517000+00:00,2022-06-04 01:37:56.939000+00:00,47..7483194,-117..4033658,47..8566447,-117..2768500,15418,IN_PASSENGER_VEHICLE,HIGH
49,2022-06-04 04:06:35.204000+00:00,2022-06-04 04:48:32.983000+00:00,47..8566453,-117..2768504,47..6751690,-117..3911457,22044,IN_PASSENGER_VEHICLE,HIGH
50,2022-06-04 21:09:05.944000+00:00,2022-06-04 21:16:03.811000+00:00,47..6748750,-117..3909313,47..6541325,-117..4083582,3314,IN_PASSENGER_VEHICLE,HIGH
51,2022-06-04 22:09:46.290000+00:00,2022-06-04 22:23:03.515000+00:00,47..6535842,-117..4066725,47..7048621,-117..3970919,6506,IN_PASSENGER_VEHICLE,HIGH
52,2022-06-04 22:39:27.942000+00:00,2022-06-04 22:49:12.457000+00:00,47..7060299,-117..3984230,47..7002204,-117..4456290,3877,IN_PASSENGER_VEHICLE,HIGH
53,2022-06-05 00:00:03.057000+00:00,2022-06-05 00:12:29.830000+00:00,47..7008472,-117..4433947,47..6748548,-117..3909360,5805,IN_PASSENGER_VEHICLE,HIGH
54,2022-06-05 20:07:16+00:00,2022-06-05 20:13:54.440000+00:00,47..6747945,-117..3910394,47..6725809,-117..3957153,1102,IN_PASSENGER_VEHICLE,HIGH
55,2022-06-05 21:01:07.768000+00:00,2022-06-05 21:03:05.403000+00:00,47..6723050,-117..3960277,47..6748305,-117..3908015,714,IN_PASSENGER_VEHICLE,HIGH
56,2022-06-05 21:31:58.260000+00:00,2022-06-05 21:46:45.028000+00:00,47..6749453,-117..3909409,47..6555270,-117..4409688,5084,IN_PASSENGER_VEHICLE,HIGH
57,2022-06-05 22:41:03.078000+00:00,2022-06-05 22:45:28.851000+00:00,47..6558125,-117..4414450,47..6563670,-117..4447959,301,WALKING,HIGH
58,2022-06-05 23:58:53.936000+00:00,2022-06-06 00:18:53.007000+00:00,47..6563534,-117..4449955,47..6749325,-117..3908288,6665,IN_PASSENGER_VEHICLE,HIGH
59,2022-06-06 01:22:18.828000+00:00,2022-06-06 01:52:09.382000+00:00,47..6746970,-117..3910237,47..8566208,-117..2767404,23424,IN_PASSENGER_VEHICLE,HIGH
60,2022-06-06 03:19:29.659000+00:00,2022-06-06 04:00:01.200000+00:00,47..8566200,-117..2767386,47..6757506,-117..3906010,22254,IN_PASSENGER_VEHICLE,HIGH
61,2022-06-06 16:47:52.443000+00:00,2022-06-06 16:59:12.918000+00:00,47..6748051,-117..3909289,47..6676281,-117..4010171,1561,IN_PASSENGER_VEHICLE,HIGH
62,2022-06-06 22:59:34.818000+00:00,2022-06-06 23:11:00.706000+00:00,47..6666952,-117..4007711,47..6748413,-117..3910832,2305,IN_PASSENGER_VEHICLE,HIGH
63,2022-06-07 00:11:24.898000+00:00,2022-06-07 00:18:22.929000+00:00,47..6746870,-117..3909395,47..6717084,-117..3955504,1695,IN_PASSENGER_VEHICLE,HIGH
64,2022-06-07 00:58:17.195000+00:00,2022-06-07 01:00:21.332000+00:00,47..6724185,-117..3959511,47..6747030,-117..3910134,634,IN_PASSENGER_VEHICLE,HIGH
65,2022-06-07 16:51:32.819000+00:00,2022-06-07 17:05:12.791000+00:00,47..6747499,-117..3910090,47..6665374,-117..4005690,1526,IN_PASSENGER_VEHICLE,MEDIUM
66,2022-06-07 22:57:06.830000+00:00,2022-06-07 23:10:13.869000+00:00,47..6665336,-117..4005560,47..6747833,-117..3909575,2341,IN_PASSENGER_VEHICLE,HIGH
67,2022-06-08 16:52:45.725000+00:00,2022-06-08 16:59:31.640000+00:00,47..6747777,-117..3909099,47..6672970,-117..4003923,1534,IN_PASSENGER_VEHICLE,HIGH
68,2022-06-08 22:58:03.327000+00:00,2022-06-08 23:11:12+00:00,47..6665439,-117..4006169,47..6930261,-117..4103417,3809,IN_PASSENGER_VEHICLE,HIGH
69,2022-06-08 23:28:53+00:00,2022-06-08 23:32:51+00:00,47..6931325,-117..4102500,47..7104633,-117..4103687,1953,IN_PASSENGER_VEHICLE,HIGH
70,2022-06-08 23:47:25+00:00,2022-06-08 23:58:34.966000+00:00,47..7113121,-117..4101076,47..6747295,-117..3908964,5369,IN_PASSENGER_VEHICLE,HIGH
71,2022-06-09 15:04:30+00:00,2022-06-09 15:13:39+00:00,47..6747922,-117..3934632,47..6572631,-117..4196620,3776,IN_PASSENGER_VEHICLE,HIGH
72,2022-06-09 17:13:09.717000+00:00,2022-06-09 17:17:24.070000+00:00,47..6589575,-117..4220313,47..6593835,-117..4183507,285,WALKING,HIGH
73,2022-06-09 17:36:09.862000+00:00,2022-06-09 17:42:05.931000+00:00,47..6592408,-117..4182864,47..6598998,-117..4167884,443,WALKING,HIGH
74,2022-06-09 18:03:53.623000+00:00,2022-06-09 18:21:30+00:00,47..6594557,-117..4181315,47..6580107,-117..4206418,596,WALKING,MEDIUM
75,2022-06-09 18:21:30+00:00,2022-06-09 18:34:16.102000+00:00,47..6580107,-117..4206418,47..6748062,-117..3910044,4951,IN_PASSENGER_VEHICLE,HIGH
76,2022-06-09 19:44:38+00:00,2022-06-09 19:52:10.597000+00:00,47..6747905,-117..3927480,47..6580877,-117..4193938,3364,IN_PASSENGER_VEHICLE,HIGH
77,2022-06-09 20:36:04.842000+00:00,2022-06-09 20:38:05.849000+00:00,47..6586073,-117..4211756,47..6592258,-117..4220467,110,WALKING,HIGH
78,2022-06-09 21:29:40.670000+00:00,2022-06-09 21:32:42.397000+00:00,47..6584952,-117..4236493,47..6574722,-117..4219882,201,WALKING,HIGH
79,2022-06-09 21:38:32+00:00,2022-06-09 21:41:42+00:00,47..6579238,-117..4199213,47..6647915,-117..4150197,1104,IN_PASSENGER_VEHICLE,HIGH
80,2022-06-09 21:52:10+00:00,2022-06-09 21:56:09+00:00,47..6650491,-117..4155348,47..6706359,-117..4065764,1480,IN_PASSENGER_VEHICLE,HIGH
81,2022-06-09 23:33:33.162000+00:00,2022-06-09 23:44:45.264000+00:00,47..6709581,-117..4050962,47..6746601,-117..3910091,2951,IN_PASSENGER_VEHICLE,HIGH
82,2022-06-10 16:49:44+00:00,2022-06-10 16:57:02.860000+00:00,47..6748393,-117..3912648,47..6668666,-117..4011621,1985,IN_PASSENGER_VEHICLE,HIGH
83,2022-06-10 22:58:38.587000+00:00,2022-06-10 23:09:50+00:00,47..6665224,-117..4006247,47..6747688,-117..3909018,1660,IN_PASSENGER_VEHICLE,HIGH
84,2022-06-11 01:45:05.712000+00:00,2022-06-11 01:46:57.990000+00:00,47..6746936,-117..3910643,47..6749230,-117..3961692,391,IN_PASSENGER_VEHICLE,HIGH
85,2022-06-11 01:55:18.588000+00:00,2022-06-11 02:06:08+00:00,47..6744871,-117..3967381,47..6673427,-117..4070609,2200,IN_PASSENGER_VEHICLE,HIGH
86,2022-06-11 03:45:03.354000+00:00,2022-06-11 03:50:53.823000+00:00,47..6672047,-117..4068357,47..6634851,-117..4105952,1101,IN_PASSENGER_VEHICLE,HIGH
87,2022-06-11 05:33:39.500000+00:00,2022-06-11 05:39:48.139000+00:00,47..6635104,-117..4107326,47..6749087,-117..3909172,2169,IN_PASSENGER_VEHICLE,HIGH
88,2022-06-11 21:53:47+00:00,2022-06-11 22:04:32.391000+00:00,47..6748112,-117..3911655,47..7092012,-117..4107886,5163,IN_PASSENGER_VEHICLE,HIGH
89,2022-06-11 22:23:04.600000+00:00,2022-06-11 22:38:34.624000+00:00,47..7081444,-117..4106931,47..7416585,-117..4030372,5619,IN_PASSENGER_VEHICLE,HIGH
90,2022-06-11 23:28:40.469000+00:00,2022-06-11 23:44:39.537000+00:00,47..7403329,-117..4067290,47..6742573,-117..3919470,8472,IN_PASSENGER_VEHICLE,HIGH
91,2022-06-12 00:38:30+00:00,2022-06-12 00:54:39.130000+00:00,47..6747923,-117..3912005,47..6597513,-117..4243001,4396,IN_PASSENGER_VEHICLE,HIGH
92,2022-06-12 02:59:03.555000+00:00,2022-06-12 03:19:01.934000+00:00,47..6587030,-117..4184381,47..6748533,-117..3909056,5401,IN_PASSENGER_VEHICLE,LOW
93,2022-06-12 03:26:21.730000+00:00,2022-06-12 03:34:07.323000+00:00,47..6746221,-117..3908116,47..7049283,-117..3971516,3745,IN_PASSENGER_VEHICLE,HIGH
94,2022-06-12 06:50:21.931000+00:00,2022-06-12 06:56:28.400000+00:00,47..7048680,-117..3987048,47..6759379,-117..3903741,3804,IN_PASSENGER_VEHICLE,HIGH
95,2022-06-12 19:36:30.913000+00:00,2022-06-12 20:11:02.030000+00:00,47..6747120,-117..3911615,47..8566214,-117..2767402,22834,IN_PASSENGER_VEHICLE,HIGH
96,2022-06-13 00:52:54+00:00,2022-06-13 01:13:46.766000+00:00,47..8562106,-117..2755222,47..7478562,-117..3988073,15528,IN_PASSENGER_VEHICLE,HIGH
97,2022-06-13 01:31:25.870000+00:00,2022-06-13 01:48:47.612000+00:00,47..7478340,-117..4003673,47..6747616,-117..3906831,9837,IN_PASSENGER_VEHICLE,HIGH
98,2022-06-13 02:33:38+00:00,2022-06-13 03:08:34+00:00,47..6747985,-117..3911935,47..6956912,-117..3735850,32905,IN_PASSENGER_VEHICLE,HIGH
99,2022-06-13 03:45:43+00:00,2022-06-13 03:50:28+00:00,47..6952553,-117..3742453,47..6748113,-117..3911887,2964,IN_PASSENGER_VEHICLE,HIGH
100,2022-06-13 16:51:49.210000+00:00,2022-06-13 17:01:02.443000+00:00,47..6745728,-117..3911292,47..6665386,-117..4006108,1663,IN_PASSENGER_VEHICLE,HIGH
101,2022-06-13 23:02:34.340000+00:00,2022-06-13 23:13:59.356000+00:00,47..6668509,-117..4006581,47..6746816,-117..3907824,2472,IN_PASSENGER_VEHICLE,HIGH
102,2022-06-14 03:02:57+00:00,2022-06-14 03:04:56+00:00,47..6747786,-117..3914875,47..6723308,-117..4110651,1557,IN_PASSENGER_VEHICLE,HIGH
103,2022-06-14 03:10:24+00:00,2022-06-14 03:15:59+00:00,47..6713489,-117..4102105,47..6748446,-117..3911933,2071,IN_PASSENGER_VEHICLE,HIGH
104,2022-06-14 16:50:14.429000+00:00,2022-06-14 16:59:30.831000+00:00,47..6746870,-117..3909980,47..6675576,-117..4011387,1590,IN_PASSENGER_VEHICLE,HIGH
105,2022-06-14 22:59:19.822000+00:00,2022-06-14 23:09:07.381000+00:00,47..6668135,-117..4014502,47..6748173,-117..3904354,2143,IN_PASSENGER_VEHICLE,HIGH
106,2022-06-15 16:50:29+00:00,2022-06-15 16:59:26+00:00,47..6747384,-117..3918872,47..6674980,-117..4010802,1447,IN_PASSENGER_VEHICLE,HIGH
107,2022-06-16 00:10:37+00:00,2022-06-16 00:22:14+00:00,47..6690886,-117..4019488,47..6592935,-117..4161998,3122,IN_PASSENGER_VEHICLE,MEDIUM
108,2022-06-16 00:30:03.824000+00:00,2022-06-16 00:35:15+00:00,47..6590197,-117..4163399,47..6590761,-117..4188136,400,WALKING,MEDIUM
109,2022-06-16 00:35:15+00:00,2022-06-16 00:44:58+00:00,47..6590761,-117..4188136,47..6747796,-117..3911649,4171,IN_PASSENGER_VEHICLE,HIGH
110,2022-06-16 02:47:08+00:00,2022-06-16 02:51:47+00:00,47..6776359,-117..3885896,47..6952845,-117..3740944,2837,IN_PASSENGER_VEHICLE,HIGH
111,2022-06-16 03:58:19.623000+00:00,2022-06-16 04:05:42.363000+00:00,47..6953452,-117..3740143,47..6747566,-117..3909795,2653,IN_PASSENGER_VEHICLE,HIGH
112,2022-06-16 16:48:55.948000+00:00,2022-06-16 17:16:46.840000+00:00,47..6748040,-117..3910034,47..6665253,-117..4006749,1785,IN_PASSENGER_VEHICLE,HIGH
113,2022-06-16 19:06:26.562000+00:00,2022-06-16 19:13:51.987000+00:00,47..6671284,-117..4015546,47..6747871,-117..3906770,1763,IN_PASSENGER_VEHICLE,HIGH
114,2022-06-16 22:00:01.711000+00:00,2022-06-17 00:03:43.699000+00:00,47..6747807,-117..3910054,47..6747249,-117..4135305,15652,IN_PASSENGER_VEHICLE,HIGH
115,2022-06-17 00:13:01+00:00,2022-06-17 01:02:16.505000+00:00,47..6744213,-117..4135173,47..6746994,-117..3908847,1723,IN_PASSENGER_VEHICLE,HIGH
116,2022-06-17 16:50:33+00:00,2022-06-17 16:57:54.082000+00:00,47..6748273,-117..3911551,47..6668532,-117..4006738,1752,IN_PASSENGER_VEHICLE,MEDIUM
117,2022-06-17 23:00:54.080000+00:00,2022-06-17 23:09:00+00:00,47..6665300,-117..4006491,47..6688225,-117..3982528,581,WALKING,LOW
118,2022-06-17 23:15:26+00:00,2022-06-17 23:18:26+00:00,47..6693653,-117..3981505,47..6643485,-117..4150302,1752,IN_PASSENGER_VEHICLE,HIGH
119,2022-06-17 23:24:38.106000+00:00,2022-06-17 23:33:48.766000+00:00,47..6639150,-117..4154098,47..6747103,-117..3909450,2821,IN_PASSENGER_VEHICLE,HIGH
120,2022-06-18 17:02:59+00:00,2022-06-18 17:08:04+00:00,47..6747921,-117..3917156,47..6712752,-117..4247555,2862,IN_PASSENGER_VEHICLE,HIGH
121,2022-06-18 17:13:45+00:00,2022-06-18 17:25:57+00:00,47..6712206,-117..4247394,47..6574783,-117..3600607,6436,IN_PASSENGER_VEHICLE,HIGH
122,2022-06-18 19:23:21+00:00,2022-06-18 19:40:43.681000+00:00,47..6574584,-117..3609868,47..6748664,-117..3909218,5627,IN_PASSENGER_VEHICLE,HIGH
123,2022-06-18 19:57:03+00:00,2022-06-18 20:03:22+00:00,47..6747671,-117..3913816,47..6525357,-117..3767012,3943,IN_PASSENGER_VEHICLE,HIGH
124,2022-06-18 21:19:08+00:00,2022-06-18 21:27:05.300000+00:00,47..6517089,-117..3755661,47..6747264,-117..3909673,3755,IN_PASSENGER_VEHICLE,HIGH
125,2022-06-19 02:45:55.141000+00:00,2022-06-19 02:53:55.226000+00:00,47..6747999,-117..3909857,47..6466385,-117..3901141,3643,IN_PASSENGER_VEHICLE,HIGH
126,2022-06-19 04:48:15+00:00,2022-06-19 05:01:22.420000+00:00,47..6488296,-117..3909757,47..6748600,-117..3908448,6510,IN_PASSENGER_VEHICLE,HIGH
127,2022-06-19 19:11:43.072000+00:00,2022-06-19 19:23:17.635000+00:00,47..6747965,-117..3909842,47..7152038,-117..4214670,6545,IN_PASSENGER_VEHICLE,HIGH
128,2022-06-19 20:52:14.791000+00:00,2022-06-19 21:03:32.539000+00:00,47..7163235,-117..4227490,47..6747934,-117..3906170,6210,IN_PASSENGER_VEHICLE,HIGH
129,2022-06-19 22:46:30+00:00,2022-06-19 23:04:07.514000+00:00,47..6747907,-117..3911799,47..7477589,-117..4000765,8590,IN_PASSENGER_VEHICLE,HIGH
130,2022-06-19 23:39:13+00:00,2022-06-19 23:48:38.357000+00:00,47..7478550,-117..4009107,47..7075802,-117..4105039,4788,IN_PASSENGER_VEHICLE,HIGH
131,2022-06-20 00:00:03.269000+00:00,2022-06-20 00:10:30.417000+00:00,47..7075706,-117..4104201,47..6747222,-117..3910766,4322,IN_PASSENGER_VEHICLE,HIGH
132,2022-06-20 21:35:03.528000+00:00,2022-06-20 22:07:41.897000+00:00,47..6751656,-117..3912357,47..8566519,-117..2768242,27075,IN_PASSENGER_VEHICLE,HIGH
133,2022-06-20 22:34:39.721000+00:00,2022-06-20 22:48:03.470000+00:00,47..8566472,-117..2768310,47..8012874,-117..3481324,8137,IN_PASSENGER_VEHICLE,HIGH
134,2022-06-20 22:58:10.435000+00:00,2022-06-20 23:18:09.139000+00:00,47..8015978,-117..3494763,47..6751428,-117..3912160,15607,IN_PASSENGER_VEHICLE,HIGH
135,2022-06-20 23:24:25+00:00,2022-06-20 23:36:04+00:00,47..6748090,-117..3911830,47..7008095,-117..4366606,6158,IN_PASSENGER_VEHICLE,HIGH
136,2022-06-20 23:47:02.205000+00:00,2022-06-20 23:58:27.221000+00:00,47..7011533,-117..4375242,47..6745473,-117..3911566,6061,IN_PASSENGER_VEHICLE,HIGH
137,2022-06-21 00:13:09+00:00,2022-06-21 00:39:28.936000+00:00,47..6747937,-117..3911831,47..6746734,-117..4136302,10656,IN_PASSENGER_VEHICLE,HIGH
138,2022-06-21 00:45:03.354000+00:00,2022-06-21 00:51:07.224000+00:00,47..6747824,-117..4140284,47..6748087,-117..3911382,2252,IN_PASSENGER_VEHICLE,HIGH
139,2022-06-21 01:10:52.839000+00:00,2022-06-21 01:21:41.203000+00:00,47..6746682,-117..3918932,47..7049265,-117..3985302,3822,IN_PASSENGER_VEHICLE,HIGH
140,2022-06-21 03:34:38.509000+00:00,2022-06-21 05:46:59.925000+00:00,47..7048907,-117..3985952,47..6751223,-117..3911746,41399,IN_PASSENGER_VEHICLE,HIGH
141,2022-06-21 16:34:02+00:00,2022-06-21 16:38:45.051000+00:00,47..6748102,-117..3913584,47..6752168,-117..4109950,1478,IN_PASSENGER_VEHICLE,HIGH
142,2022-06-21 16:50:12+00:00,2022-06-21 16:57:29.344000+00:00,47..6734134,-117..4110630,47..6668415,-117..4010773,1452,IN_PASSENGER_VEHICLE,HIGH
143,2022-06-21 22:57:18.004000+00:00,2022-06-21 23:10:36.213000+00:00,47..6665267,-117..4006128,47..6751695,-117..3912383,2304,IN_PASSENGER_VEHICLE,MEDIUM
144,2022-06-22 16:47:19.353000+00:00,2022-06-22 16:56:53+00:00,47..6749444,-117..3911548,47..6675012,-117..4009458,2092,IN_PASSENGER_VEHICLE,MEDIUM
145,2022-06-22 23:02:39.425000+00:00,2022-06-22 23:15:18.360000+00:00,47..6665289,-117..4006349,47..6757303,-117..3905691,1522,IN_PASSENGER_VEHICLE,MEDIUM
146,2022-06-23 16:41:00.671000+00:00,2022-06-23 16:51:03.515000+00:00,47..6751441,-117..3912041,47..6668292,-117..4011531,1465,IN_BUS,LOW
147,2022-06-23 23:06:24.983000+00:00,2022-06-23 23:21:22.638000+00:00,47..6666853,-117..4010050,47..6748569,-117..3925563,1625,IN_PASSENGER_VEHICLE,MEDIUM
148,2022-06-23 23:21:22.638000+00:00,2022-06-23 23:28:13.551000+00:00,47..6748569,-117..3925563,47..6748000,-117..3918448,651,WALKING,LOW
149,2022-06-24 16:49:02.775000+00:00,2022-06-24 16:57:15.917000+00:00,47..6747951,-117..3918808,47..6670680,-117..4008726,1677,IN_PASSENGER_VEHICLE,HIGH
150,2022-06-24 23:04:27.053000+00:00,2022-06-24 23:15:10.774000+00:00,47..6668535,-117..4014464,47..6723617,-117..3953389,1042,IN_PASSENGER_VEHICLE,HIGH
151,2022-06-24 23:30:10.363000+00:00,2022-06-24 23:33:03.740000+00:00,47..6725641,-117..3960323,47..6748759,-117..3904087,1124,IN_PASSENGER_VEHICLE,HIGH
152,2022-06-25 03:48:44.998000+00:00,2022-06-25 03:52:36.704000+00:00,47..6746797,-117..3912280,47..6726176,-117..3959612,674,IN_PASSENGER_VEHICLE,HIGH
153,2022-06-25 03:57:46.675000+00:00,2022-06-25 04:00:57.500000+00:00,47..6725574,-117..3959652,47..6748664,-117..3909290,1291,IN_PASSENGER_VEHICLE,HIGH
154,2022-06-25 05:40:15+00:00,2022-06-25 06:10:34.955000+00:00,47..6749648,-117..3911327,47..8562549,-117..2756946,23802,IN_PASSENGER_VEHICLE,HIGH
155,2022-06-25 06:16:24.468000+00:00,2022-06-25 06:42:16.952000+00:00,47..8562570,-117..2756918,47..6749182,-117..3911007,22330,IN_PASSENGER_VEHICLE,HIGH
156,2022-06-25 17:32:46.645000+00:00,2022-06-25 18:44:36.914000+00:00,47..6749111,-117..3911529,47..6748908,-117..3909152,45961,IN_PASSENGER_VEHICLE,HIGH
157,2022-06-25 18:52:15.871000+00:00,2022-06-25 19:00:28.842000+00:00,47..6747293,-117..3910103,47..7048267,-117..3984618,3726,IN_PASSENGER_VEHICLE,HIGH
158,2022-06-25 21:51:11.877000+00:00,2022-06-25 22:01:52+00:00,47..7049323,-117..3995680,47..6680362,-117..4125812,5444,IN_PASSENGER_VEHICLE,HIGH
159,2022-06-25 22:09:07.871000+00:00,2022-06-25 22:48:12.906000+00:00,47..6678743,-117..4116243,47..8562576,-117..2756848,24452,IN_PASSENGER_VEHICLE,HIGH
160,2022-06-26 02:52:18.198000+00:00,2022-06-26 04:25:51.825000+00:00,47..8562540,-117..2756903,47..6751361,-117..3911812,22047,IN_PASSENGER_VEHICLE,MEDIUM
161,2022-06-26 20:00:24.179000+00:00,2022-06-26 20:02:22.406000+00:00,47..6750864,-117..3912081,47..6726703,-117..3960407,607,IN_PASSENGER_VEHICLE,HIGH
162,2022-06-26 20:17:41.698000+00:00,2022-06-26 21:03:50+00:00,47..6716502,-117..3961625,47..6740029,-116..7797687,49696,IN_PASSENGER_VEHICLE,HIGH
163,2022-06-26 22:42:09.188000+00:00,2022-06-26 22:44:50.172000+00:00,47..6735349,-116..7818751,47..6734172,-116..7798439,152,WALKING,HIGH
164,2022-06-26 22:52:52.182000+00:00,2022-06-27 01:01:34.047000+00:00,47..6728042,-116..7783334,47..6747613,-117..3908128,52512,IN_PASSENGER_VEHICLE,MEDIUM
165,2022-06-27 01:14:22+00:00,2022-06-27 01:17:45+00:00,47..6747378,-117..3921776,47..6832537,-117..4127819,2317,IN_PASSENGER_VEHICLE,HIGH
166,2022-06-27 01:31:34.679000+00:00,2022-06-27 02:07:18.925000+00:00,47..6831810,-117..4111187,47..8562567,-117..2756841,24086,IN_PASSENGER_VEHICLE,HIGH
167,2022-06-27 03:34:27.170000+00:00,2022-06-27 04:06:46.534000+00:00,47..8562558,-117..2756826,47..6746881,-117..3910645,22974,IN_PASSENGER_VEHICLE,HIGH
168,2022-06-27 16:50:08.660000+00:00,2022-06-27 16:56:57+00:00,47..6747252,-117..3912671,47..6674376,-117..4010966,1529,IN_PASSENGER_VEHICLE,MEDIUM
169,2022-06-27 23:00:34.308000+00:00,2022-06-27 23:13:36.439000+00:00,47..6668996,-117..4017839,47..6748464,-117..3904308,2064,IN_PASSENGER_VEHICLE,HIGH
170,2022-06-28 16:47:48.620000+00:00,2022-06-28 16:56:08.014000+00:00,47..6749125,-117..3912374,47..6671920,-117..4007925,1871,IN_PASSENGER_VEHICLE,HIGH
171,2022-06-28 23:00:16.005000+00:00,2022-06-28 23:11:13.647000+00:00,47..6665279,-117..4005195,47..6748092,-117..3906828,1968,IN_PASSENGER_VEHICLE,HIGH
172,2022-06-29 16:48:01+00:00,2022-06-29 16:55:42.273000+00:00,47..6748155,-117..3912281,47..6675451,-117..4012315,1620,IN_PASSENGER_VEHICLE,HIGH
173,2022-06-29 23:00:12.762000+00:00,2022-06-29 23:16:06.794000+00:00,47..6669613,-117..4006113,47..7091784,-117..4108174,5099,IN_PASSENGER_VEHICLE,MEDIUM
174,2022-06-29 23:30:49.420000+00:00,2022-06-29 23:44:55.713000+00:00,47..7089197,-117..4094366,47..6748680,-117..3909752,4700,IN_PASSENGER_VEHICLE,HIGH
175,2022-06-30 16:47:33.811000+00:00,2022-06-30 16:54:23.030000+00:00,47..6747537,-117..3911287,47..6673882,-117..4003926,1571,IN_PASSENGER_VEHICLE,HIGH
176,2022-06-30 23:18:06.405000+00:00,2022-06-30 23:52:11.552000+00:00,47..6677354,-117..4013595,47..8487426,-117..2933109,25755,IN_PASSENGER_VEHICLE,HIGH
177,2022-07-01 00:06:37+00:00,2022-07-01 00:42:36+00:00,47..8561211,-117..2755381,47..6699807,-117..3964384,23756,IN_PASSENGER_VEHICLE,HIGH
178,2022-07-01 01:11:23.130000+00:00,2022-07-01 01:15:30+00:00,47..6713635,-117..3964892,47..6748679,-117..3905026,1916,IN_PASSENGER_VEHICLE,HIGH
179,2022-07-01 16:49:43+00:00,2022-07-01 16:56:23.699000+00:00,47..6748527,-117..3912375,47..6676650,-117..4003243,1543,IN_PASSENGER_VEHICLE,HIGH
180,2022-07-01 23:04:33.197000+00:00,2022-07-01 23:13:36.669000+00:00,47..6675585,-117..4014882,47..6750331,-117..3904619,1873,IN_PASSENGER_VEHICLE,HIGH
181,2022-07-02 21:25:21.111000+00:00,2022-07-02 21:26:27.641000+00:00,47..6746699,-117..3914489,47..6748983,-117..3963414,367,IN_PASSENGER_VEHICLE,HIGH
182,2022-07-02 21:33:46+00:00,2022-07-02 22:08:09+00:00,47..6746385,-117..3967412,47..5183056,-117..6920132,41093,IN_PASSENGER_VEHICLE,HIGH
183,2022-07-03 01:53:38+00:00,2022-07-03 02:16:24.144000+00:00,47..5172411,-117..6911980,47..6748521,-117..3909732,32820,IN_PASSENGER_VEHICLE,HIGH
184,2022-07-03 19:42:25.092000+00:00,2022-07-03 19:52:13.049000+00:00,47..6747683,-117..3911147,47..6669264,-117..4009558,1442,IN_PASSENGER_VEHICLE,HIGH
185,2022-07-03 23:52:55.680000+00:00,2022-07-04 00:02:21.847000+00:00,47..6669632,-117..4014966,47..6749775,-117..3910041,2061,IN_PASSENGER_VEHICLE,HIGH
186,2022-07-04 01:32:37.208000+00:00,2022-07-04 01:43:18.624000+00:00,47..6748424,-117..3908934,47..7088036,-117..4096011,4604,IN_PASSENGER_VEHICLE,HIGH
187,2022-07-04 02:05:46.727000+00:00,2022-07-04 02:17:09.951000+00:00,47..7092797,-117..4103018,47..6813123,-117..4054690,5046,IN_PASSENGER_VEHICLE,MEDIUM
188,2022-07-04 02:44:18.541000+00:00,2022-07-04 02:52:30.265000+00:00,47..6817243,-117..4050504,47..6953527,-117..3741921,3475,IN_PASSENGER_VEHICLE,HIGH
189,2022-07-04 03:00:19.504000+00:00,2022-07-04 03:05:41.652000+00:00,47..6953512,-117..3741901,47..6749007,-117..3909220,3014,IN_PASSENGER_VEHICLE,HIGH
190,2022-07-04 19:01:22.169000+00:00,2022-07-04 19:16:47.681000+00:00,47..6748637,-117..3909858,47..6747558,-117..3909979,7042,IN_PASSENGER_VEHICLE,HIGH
191,2022-07-04 19:25:58.145000+00:00,2022-07-04 19:55:15.651000+00:00,47..6747779,-117..3907668,47..8562589,-117..2756847,23729,IN_PASSENGER_VEHICLE,HIGH
192,2022-07-05 02:15:20+00:00,2022-07-05 02:54:59.615000+00:00,47..8568283,-117..2764396,47..8546957,-117..2695863,1827,WALKING,MEDIUM
193,2022-07-05 04:28:22.824000+00:00,2022-07-05 05:00:42.730000+00:00,47..8562573,-117..2756841,47..6750150,-117..3904034,22282,IN_PASSENGER_VEHICLE,HIGH
194,2022-07-05 16:46:15.029000+00:00,2022-07-05 16:53:01.324000+00:00,47..6747486,-117..3911477,47..6675594,-117..4004193,1471,IN_PASSENGER_VEHICLE,HIGH
195,2022-07-05 19:34:00+00:00,2022-07-05 19:39:07.974000+00:00,47..6673313,-117..4001540,47..6689154,-117..3975799,295,WALKING,HIGH
196,2022-07-05 19:49:20.329000+00:00,2022-07-05 19:58:12.355000+00:00,47..6695050,-117..3979075,47..6669767,-117..4009865,444,WALKING,HIGH
197,2022-07-05 23:00:10.197000+00:00,2022-07-05 23:13:19.428000+00:00,47..6665261,-117..4005927,47..6747108,-117..3906779,2241,IN_PASSENGER_VEHICLE,HIGH
198,2022-07-06 00:01:45.694000+00:00,2022-07-06 00:22:11.987000+00:00,47..6750322,-117..3911248,47..7470810,-117..3946059,9211,IN_PASSENGER_VEHICLE,HIGH
199,2022-07-06 00:53:09.732000+00:00,2022-07-06 01:07:38.148000+00:00,47..7470622,-117..3946172,47..6756681,-117..3903507,8325,IN_PASSENGER_VEHICLE,HIGH
200,2022-07-06 16:48:59.772000+00:00,2022-07-06 16:58:40+00:00,47..6750467,-117..3911233,47..6674500,-117..4010651,1937,IN_PASSENGER_VEHICLE,LOW
201,2022-07-06 23:00:00.365000+00:00,2022-07-06 23:11:56.550000+00:00,47..6666041,-117..4009208,47..6759341,-117..3903891,2024,IN_PASSENGER_VEHICLE,HIGH
202,2022-07-06 23:25:04+00:00,2022-07-06 23:29:28.606000+00:00,47..6747787,-117..3911915,47..6715316,-117..4102192,1806,IN_PASSENGER_VEHICLE,HIGH
203,2022-07-07 04:35:20.370000+00:00,2022-07-07 05:58:42.878000+00:00,47..6715586,-117..4105228,47..6748026,-117..3913303,1552,IN_PASSENGER_VEHICLE,HIGH
204,2022-07-07 16:45:07+00:00,2022-07-07 16:48:23.777000+00:00,47..6748832,-117..3946625,47..6683993,-117..4019945,1026,IN_PASSENGER_VEHICLE,HIGH
205,2022-07-07 23:01:39.576000+00:00,2022-07-07 23:07:37.856000+00:00,47..6666038,-117..4009486,47..6700583,-117..3964137,709,IN_PASSENGER_VEHICLE,MEDIUM
206,2022-07-07 23:13:21.637000+00:00,2022-07-07 23:26:14.408000+00:00,47..6704851,-117..3964458,47..6751208,-117..3912250,1857,IN_PASSENGER_VEHICLE,MEDIUM
207,2022-07-08 16:50:42.609000+00:00,2022-07-08 16:56:46.643000+00:00,47..6747885,-117..3913397,47..6669050,-117..4007429,1345,IN_PASSENGER_VEHICLE,HIGH
208,2022-07-08 22:56:48+00:00,2022-07-08 23:02:29+00:00,47..6695034,-117..4013268,47..6752098,-117..3905015,1914,IN_PASSENGER_VEHICLE,HIGH
209,2022-07-09 00:34:57.124000+00:00,2022-07-09 00:43:14+00:00,47..6747805,-117..3913047,47..7048601,-117..3983009,3897,IN_PASSENGER_VEHICLE,HIGH
210,2022-07-09 01:27:14+00:00,2022-07-09 02:04:16+00:00,47..7048288,-117..3983453,47..6749899,-117..3905097,34068,IN_PASSENGER_VEHICLE,HIGH
211,2022-07-09 02:19:14.077000+00:00,2022-07-09 02:26:50.996000+00:00,47..6747589,-117..3913341,47..7049441,-117..3987502,3924,IN_PASSENGER_VEHICLE,HIGH
212,2022-07-09 03:18:23+00:00,2022-07-09 03:29:00+00:00,47..7048442,-117..3971384,47..6483441,-117..3902961,6667,IN_PASSENGER_VEHICLE,HIGH
213,2022-07-09 04:41:00+00:00,2022-07-09 04:49:43+00:00,47..6468235,-117..3898374,47..6747685,-117..3905246,5018,IN_PASSENGER_VEHICLE,HIGH
214,2022-07-09 20:07:00.475000+00:00,2022-07-09 20:40:03.215000+00:00,47..6747707,-117..3912737,47..8562402,-117..2756776,23670,IN_PASSENGER_VEHICLE,HIGH
215,2022-07-10 04:40:19.872000+00:00,2022-07-10 05:09:50.251000+00:00,47..8562420,-117..2756677,47..6747999,-117..3912984,22052,IN_PASSENGER_VEHICLE,HIGH
216,2022-07-10 21:58:27.058000+00:00,2022-07-10 22:13:32.947000+00:00,47..6748075,-117..3912420,47..6353312,-117..4135377,5747,IN_PASSENGER_VEHICLE,HIGH
217,2022-07-10 22:13:32.947000+00:00,2022-07-11 00:05:20.883000+00:00,47..6353312,-117..4135377,47..6355017,-117..4150531,2298,WALKING,LOW
218,2022-07-11 00:05:20.883000+00:00,2022-07-11 00:21:11.659000+00:00,47..6355017,-117..4150531,47..6679000,-117..3980881,4236,IN_PASSENGER_VEHICLE,HIGH
219,2022-07-11 00:55:53+00:00,2022-07-11 01:04:04.566000+00:00,47..6681034,-117..3981101,47..6474080,-117..4134407,3201,IN_PASSENGER_VEHICLE,HIGH
220,2022-07-11 01:38:05.831000+00:00,2022-07-11 01:48:52.102000+00:00,47..6471384,-117..4131515,47..6748343,-117..3910859,3932,IN_PASSENGER_VEHICLE,HIGH
221,2022-07-11 03:00:51.119000+00:00,2022-07-11 03:23:38.539000+00:00,47..6748682,-117..3908914,47..6452677,-117..5587998,15633,IN_PASSENGER_VEHICLE,HIGH
222,2022-07-11 04:20:35.515000+00:00,2022-07-11 04:40:49.421000+00:00,47..6451150,-117..5590556,47..6747267,-117..3910981,13742,IN_PASSENGER_VEHICLE,HIGH
223,2022-07-11 16:12:44+00:00,2022-07-11 16:16:26+00:00,47..6748692,-117..3911295,47..6745575,-117..4161905,1904,IN_PASSENGER_VEHICLE,HIGH
224,2022-07-11 16:46:55.856000+00:00,2022-07-11 16:53:26.159000+00:00,47..6737766,-117..4156108,47..6748161,-117..3908802,2452,IN_PASSENGER_VEHICLE,HIGH
225,2022-07-11 17:13:41.030000+00:00,2022-07-11 17:23:40.449000+00:00,47..6749938,-117..3911335,47..6669142,-117..4007623,1771,IN_PASSENGER_VEHICLE,HIGH
226,2022-07-11 23:05:34.460000+00:00,2022-07-11 23:15:38.820000+00:00,47..6665756,-117..4006988,47..6747335,-117..3907082,2147,IN_PASSENGER_VEHICLE,HIGH
227,2022-07-12 16:43:12+00:00,2022-07-12 16:50:54.410000+00:00,47..6748834,-117..3912423,47..6671974,-117..4009613,1540,IN_PASSENGER_VEHICLE,HIGH
228,2022-07-12 23:02:33.481000+00:00,2022-07-12 23:14:58.124000+00:00,47..6665833,-117..4007462,47..6747805,-117..3906606,2074,IN_PASSENGER_VEHICLE,HIGH
229,2022-07-13 16:43:25.009000+00:00,2022-07-13 16:51:34.633000+00:00,47..6747800,-117..3911932,47..6675384,-117..4009512,1668,IN_PASSENGER_VEHICLE,HIGH
230,2022-07-13 23:02:35.714000+00:00,2022-07-13 23:19:04.342000+00:00,47..6668465,-117..4014944,47..6750809,-117..3912159,1634,IN_PASSENGER_VEHICLE,LOW
231,2022-07-14 16:46:32+00:00,2022-07-14 16:54:09.182000+00:00,47..6748487,-117..3911465,47..6675516,-117..4003780,1578,IN_PASSENGER_VEHICLE,HIGH
232,2022-07-14 23:02:49.256000+00:00,2022-07-14 23:17:29+00:00,47..6666358,-117..4008786,47..6748165,-117..3912241,1770,IN_PASSENGER_VEHICLE,HIGH
233,2022-07-15 16:09:19.480000+00:00,2022-07-15 16:56:37.305000+00:00,47..6751300,-117..3912263,47..6670816,-117..4006404,1711,IN_PASSENGER_VEHICLE,LOW
234,2022-07-15 23:59:48.280000+00:00,2022-07-16 00:15:58.821000+00:00,47..6677383,-117..4014482,47..7087755,-117..4096137,4911,IN_PASSENGER_VEHICLE,HIGH
235,2022-07-16 00:57:06.356000+00:00,2022-07-16 01:10:13.977000+00:00,47..7081395,-117..4095312,47..6746168,-117..3911408,5595,IN_PASSENGER_VEHICLE,HIGH
236,2022-07-16 19:08:05.042000+00:00,2022-07-16 19:22:44+00:00,47..6749230,-117..3911882,47..6458118,-117..3948344,3832,IN_PASSENGER_VEHICLE,HIGH
237,2022-07-16 19:22:44+00:00,2022-07-16 19:27:26+00:00,47..6458118,-117..3948344,47..6463165,-117..3906482,429,WALKING,MEDIUM
238,2022-07-16 20:58:12.807000+00:00,2022-07-16 21:08:17.358000+00:00,47..6452675,-117..3920928,47..6459818,-117..3956548,777,WALKING,LOW
239,2022-07-16 21:08:17.358000+00:00,2022-07-16 21:16:35.305000+00:00,47..6459818,-117..3956548,47..6748530,-117..3912578,3550,IN_PASSENGER_VEHICLE,HIGH
240,2022-07-16 21:27:10.618000+00:00,2022-07-16 21:57:05.342000+00:00,47..6747970,-117..3958206,47..8562444,-117..2756551,25125,IN_PASSENGER_VEHICLE,HIGH
241,2022-07-17 01:13:40.530000+00:00,2022-07-17 01:31:55.154000+00:00,47..8562455,-117..2756543,48..0218931,-117..3486715,19750,IN_PASSENGER_VEHICLE,HIGH
242,2022-07-17 02:57:55.900000+00:00,2022-07-17 03:29:27.884000+00:00,48..0368161,-117..3680824,47..8800483,-117..3580951,28064,IN_PASSENGER_VEHICLE,HIGH
243,2022-07-17 04:17:49.596000+00:00,2022-07-17 04:47:17.064000+00:00,47..8562455,-117..2756543,47..6747331,-117..3908493,24041,IN_PASSENGER_VEHICLE,HIGH
244,2022-07-18 15:47:47.721000+00:00,2022-07-18 15:58:19.139000+00:00,47..6748260,-117..3912316,47..6668989,-117..4008341,1760,IN_PASSENGER_VEHICLE,HIGH
245,2022-07-19 00:06:01.972000+00:00,2022-07-19 00:21:04.044000+00:00,47..6665761,-117..4007365,47..6747559,-117..3907513,1702,IN_PASSENGER_VEHICLE,MEDIUM
246,2022-07-19 15:47:51.903000+00:00,2022-07-19 15:55:50.970000+00:00,47..6748733,-117..3911247,47..6678280,-117..4012022,1611,IN_PASSENGER_VEHICLE,HIGH
247,2022-07-20 00:06:33.426000+00:00,2022-07-20 00:16:15+00:00,47..6672062,-117..4017763,47..6692103,-117..4264765,2301,IN_PASSENGER_VEHICLE,HIGH
248,2022-07-20 00:30:36+00:00,2022-07-20 00:35:57.978000+00:00,47..6695351,-117..4266423,47..6747260,-117..3907309,3085,IN_PASSENGER_VEHICLE,HIGH
249,2022-07-20 15:48:10.683000+00:00,2022-07-20 15:57:28.172000+00:00,47..6750416,-117..3913331,47..6675307,-117..4005077,1562,IN_PASSENGER_VEHICLE,HIGH
250,2022-07-20 23:59:10.894000+00:00,2022-07-21 00:13:08.028000+00:00,47..6665197,-117..4006947,47..6743787,-117..3901520,1993,IN_PASSENGER_VEHICLE,HIGH
251,2022-07-21 15:46:52.429000+00:00,2022-07-21 15:57:48.090000+00:00,47..6748686,-117..3910763,47..6744083,-117..4109508,2625,IN_PASSENGER_VEHICLE,HIGH
252,2022-07-21 16:04:03.977000+00:00,2022-07-21 16:11:12.479000+00:00,47..6742688,-117..4108598,47..6747533,-117..3906229,2311,IN_PASSENGER_VEHICLE,HIGH
253,2022-07-21 16:49:59+00:00,2022-07-21 16:57:10+00:00,47..6749111,-117..3912167,47..6675211,-117..4010192,1590,IN_PASSENGER_VEHICLE,HIGH
254,2022-07-21 23:06:51.469000+00:00,2022-07-21 23:17:56.201000+00:00,47..6665423,-117..4007103,47..6747404,-117..3907425,1588,IN_PASSENGER_VEHICLE,HIGH
255,2022-07-22 01:19:06+00:00,2022-07-22 01:22:30+00:00,47..6747822,-117..3915306,47..6706373,-117..4036020,1369,IN_PASSENGER_VEHICLE,HIGH
256,2022-07-22 01:28:49.041000+00:00,2022-07-22 01:33:15.159000+00:00,47..6707892,-117..4045036,47..6682982,-117..4269866,1760,IN_PASSENGER_VEHICLE,HIGH
257,2022-07-22 02:00:24.845000+00:00,2022-07-22 02:04:24.166000+00:00,47..6679554,-117..4261124,47..6707027,-117..4050334,1734,IN_PASSENGER_VEHICLE,HIGH
258,2022-07-22 03:07:45.585000+00:00,2022-07-22 03:14:10.109000+00:00,47..6708184,-117..4052187,47..6748640,-117..3910937,1781,IN_PASSENGER_VEHICLE,HIGH
259,2022-07-22 16:50:36.548000+00:00,2022-07-22 16:56:40.627000+00:00,47..6751309,-117..3912216,47..6669344,-117..4006759,1452,IN_PASSENGER_VEHICLE,HIGH
260,2022-07-22 23:57:05.723000+00:00,2022-07-23 00:05:26+00:00,47..6665529,-117..4006440,47..6694410,-117..3969148,710,IN_PASSENGER_VEHICLE,HIGH
261,2022-07-23 00:17:57+00:00,2022-07-23 00:20:02.188000+00:00,47..6716540,-117..3937237,47..6748625,-117..3912111,637,IN_PASSENGER_VEHICLE,HIGH
262,2022-07-23 00:26:26+00:00,2022-07-23 05:10:26+00:00,47..6747819,-117..3912235,47..6365857,-122..3500541,447815,IN_PASSENGER_VEHICLE,HIGH
263,2022-07-23 18:47:28.506000+00:00,2022-07-23 19:15:01.629000+00:00,47..6365911,-122..3516670,47..6374167,-122..3514107,1200,WALKING,MEDIUM
264,2022-07-23 22:11:14.548000+00:00,2022-07-23 22:21:39.495000+00:00,47..6374871,-122..3520674,47..6492883,-122..3768465,3536,IN_PASSENGER_VEHICLE,HIGH
265,2022-07-23 22:27:12.995000+00:00,2022-07-23 22:34:33.906000+00:00,47..6488431,-122..3774841,47..6539115,-122..4103213,3470,IN_PASSENGER_VEHICLE,HIGH
266,2022-07-23 22:34:33.906000+00:00,2022-07-24 00:33:43.462000+00:00,47..6539115,-122..4103213,47..6604215,-122..4069801,1078,WALKING,LOW
267,2022-07-24 00:33:43.462000+00:00,2022-07-24 00:51:10.457000+00:00,47..6604215,-122..4069801,47..6373898,-122..3513189,5765,IN_PASSENGER_VEHICLE,HIGH
268,2022-07-24 03:31:06.845000+00:00,2022-07-24 03:56:59.302000+00:00,47..6374526,-122..3512367,47..6618708,-122..2983858,5808,IN_PASSENGER_VEHICLE,HIGH
269,2022-07-24 05:15:22.383000+00:00,2022-07-24 05:34:44.276000+00:00,47..6618479,-122..2982957,47..6374913,-122..3508668,6293,IN_PASSENGER_VEHICLE,HIGH
270,2022-07-24 19:05:37+00:00,2022-07-24 19:18:10.991000+00:00,47..6376887,-122..3511363,47..6555447,-122..3807076,3898,IN_PASSENGER_VEHICLE,HIGH
271,2022-07-24 21:30:48.799000+00:00,2022-07-24 21:50:15.687000+00:00,47..6552235,-122..3811002,47..5967046,-122..3271673,8869,IN_PASSENGER_VEHICLE,HIGH
272,2022-07-24 22:31:22.579000+00:00,2022-07-24 22:44:26.310000+00:00,47..5968108,-122..3274858,47..6374459,-122..3511767,6104,IN_PASSENGER_VEHICLE,HIGH
273,2022-07-25 01:26:35.732000+00:00,2022-07-25 01:44:04.623000+00:00,47..6374103,-122..3506837,47..6283990,-122..3892760,3609,IN_PASSENGER_VEHICLE,HIGH
274,2022-07-25 02:00:13.168000+00:00,2022-07-25 03:51:39.720000+00:00,47..6279862,-122..3892173,47..6284154,-122..3891847,13957,IN_FERRY,MEDIUM
275,2022-07-25 04:09:25.555000+00:00,2022-07-25 04:21:44.507000+00:00,47..6301271,-122..3892426,47..6376722,-122..3508791,3887,IN_PASSENGER_VEHICLE,HIGH
276,2022-07-25 19:44:10+00:00,2022-07-25 20:24:55+00:00,47..6382317,-122..3511755,47..5514180,-122..0589658,28869,IN_PASSENGER_VEHICLE,HIGH
277,2022-07-25 20:36:54+00:00,2022-07-25 21:51:14+00:00,47..5514310,-122..0576117,47..1949821,-120..9543945,103453,IN_PASSENGER_VEHICLE,HIGH
278,2022-07-25 21:58:51+00:00,2022-07-26 00:56:52+00:00,47..1961143,-120..9498932,47..6746052,-117..3903619,314817,IN_PASSENGER_VEHICLE,HIGH
279,2022-07-26 15:47:17+00:00,2022-07-26 15:55:07.227000+00:00,47..6747864,-117..3912611,47..6677632,-117..4012326,1743,IN_PASSENGER_VEHICLE,HIGH
280,2022-07-26 23:00:33.744000+00:00,2022-07-26 23:09:53.913000+00:00,47..6671219,-117..4015460,47..6747394,-117..3906926,1532,IN_PASSENGER_VEHICLE,HIGH
281,2022-07-26 23:55:12+00:00,2022-07-27 00:10:15+00:00,47..6748197,-117..3912126,47..7474163,-117..4009300,8615,IN_PASSENGER_VEHICLE,HIGH
282,2022-07-27 01:27:25.889000+00:00,2022-07-27 01:50:16.462000+00:00,47..7472182,-117..4004179,47..8561729,-117..2754930,15403,IN_PASSENGER_VEHICLE,HIGH
283,2022-07-27 02:55:31.326000+00:00,2022-07-27 03:22:05.033000+00:00,47..8561704,-117..2754959,47..6757612,-117..3907436,22021,IN_PASSENGER_VEHICLE,HIGH
284,2022-07-27 03:31:26+00:00,2022-07-27 03:35:53.940000+00:00,47..6747760,-117..3912046,47..6953010,-117..3739385,2899,IN_PASSENGER_VEHICLE,HIGH
285,2022-07-27 03:42:34.085000+00:00,2022-07-27 03:47:39.886000+00:00,47..6953593,-117..3740731,47..6747840,-117..3906644,2954,IN_PASSENGER_VEHICLE,HIGH
286,2022-07-27 17:08:15+00:00,2022-07-27 17:17:42+00:00,47..6747932,-117..3913017,47..7163810,-117..3873113,5638,IN_PASSENGER_VEHICLE,HIGH
287,2022-07-27 17:35:08.003000+00:00,2022-07-27 17:55:21.969000+00:00,47..7165332,-117..3877478,47..6671222,-117..4006213,6716,IN_PASSENGER_VEHICLE,HIGH
288,2022-07-27 19:12:08.218000+00:00,2022-07-27 19:16:19.598000+00:00,47..6668797,-117..4006711,47..6689475,-117..3981865,302,WALKING,HIGH
289,2022-07-27 19:27:04.237000+00:00,2022-07-27 19:30:05.041000+00:00,47..6689042,-117..3982294,47..6675146,-117..3999515,221,WALKING,HIGH
290,2022-07-27 23:02:30.891000+00:00,2022-07-27 23:13:44+00:00,47..6669729,-117..4016090,47..6745902,-117..3903621,2178,IN_PASSENGER_VEHICLE,HIGH
291,2022-07-27 23:32:58.030000+00:00,2022-07-27 23:48:14+00:00,47..6748656,-117..3912478,47..7411110,-117..4031277,8390,IN_PASSENGER_VEHICLE,HIGH
292,2022-07-28 00:30:08.206000+00:00,2022-07-28 00:32:39+00:00,47..7421857,-117..4028218,47..7439971,-117..4053416,500,IN_PASSENGER_VEHICLE,HIGH
293,2022-07-28 01:03:20.088000+00:00,2022-07-28 01:05:36.455000+00:00,47..7437964,-117..4067443,47..7426698,-117..4025685,336,IN_PASSENGER_VEHICLE,HIGH
294,2022-07-28 01:10:29.247000+00:00,2022-07-28 01:23:11+00:00,47..7423718,-117..4015254,47..6748226,-117..3912157,8233,IN_PASSENGER_VEHICLE,HIGH
295,2022-07-28 15:47:05+00:00,2022-07-28 15:54:05.826000+00:00,47..6748065,-117..3919310,47..6670629,-117..4005617,1468,IN_PASSENGER_VEHICLE,HIGH
296,2022-07-28 22:59:42.555000+00:00,2022-07-28 23:14:38.305000+00:00,47..6666297,-117..4008425,47..6758037,-117..3908617,1959,IN_PASSENGER_VEHICLE,LOW
297,2022-07-29 15:45:43.289000+00:00,2022-07-29 15:54:07.770000+00:00,47..6748418,-117..3910125,47..6676355,-117..4009701,1484,IN_PASSENGER_VEHICLE,HIGH
298,2022-07-29 23:01:06.416000+00:00,2022-07-29 23:11:36+00:00,47..6665006,-117..4005939,47..6671884,-117..4105943,1668,IN_PASSENGER_VEHICLE,MEDIUM
299,2022-07-29 23:19:05.444000+00:00,2022-07-30 00:48:29+00:00,47..6668657,-117..4110630,47..6673038,-117..3957452,4275,IN_PASSENGER_VEHICLE,MEDIUM
300,2022-07-30 00:54:31+00:00,2022-07-30 01:01:33+00:00,47..6663074,-117..3964373,47..6438270,-117..4102456,3454,IN_PASSENGER_VEHICLE,HIGH
301,2022-07-30 03:44:52+00:00,2022-07-30 03:58:40+00:00,47..6438242,-117..4099223,47..6748271,-117..3911990,5454,IN_PASSENGER_VEHICLE,HIGH
302,2022-07-30 19:26:28+00:00,2022-07-30 19:36:08+00:00,47..6747822,-117..3923187,47..6453900,-117..4367957,6130,IN_PASSENGER_VEHICLE,HIGH
303,2022-07-30 19:48:45.776000+00:00,2022-07-30 19:54:57.096000+00:00,47..6455275,-117..4367433,47..6441621,-117..4098662,2464,IN_PASSENGER_VEHICLE,HIGH
304,2022-07-30 21:00:48+00:00,2022-07-30 21:09:37+00:00,47..6456195,-117..4079465,47..6748368,-117..3911879,4589,IN_PASSENGER_VEHICLE,HIGH
305,2022-07-31 01:24:39.163000+00:00,2022-07-31 01:43:51.698000+00:00,47..6748051,-117..3911007,47..6748660,-117..3909200,11200,IN_PASSENGER_VEHICLE,HIGH
306,2022-07-31 20:06:43.926000+00:00,2022-07-31 20:11:37.572000+00:00,47..6751869,-117..3909131,47..6953461,-117..3740840,2692,IN_PASSENGER_VEHICLE,HIGH
307,2022-07-31 20:22:51.032000+00:00,2022-07-31 20:27:43.996000+00:00,47..6953575,-117..3747259,47..6756844,-117..3904153,2845,IN_PASSENGER_VEHICLE,HIGH
308,2022-07-31 20:35:20.389000+00:00,2022-07-31 21:04:25.234000+00:00,47..6747360,-117..3926756,47..8561723,-117..2754930,25122,IN_PASSENGER_VEHICLE,HIGH
309,2022-07-31 22:23:05.422000+00:00,2022-07-31 23:00:12.734000+00:00,47..8561708,-117..2754946,48..0539772,-117..4031481,32654,IN_PASSENGER_VEHICLE,HIGH
310,2022-08-01 00:19:00+00:00,2022-08-01 03:10:02.055000+00:00,48..0560428,-117..4035475,47..6748722,-117..3911947,86058,IN_PASSENGER_VEHICLE,HIGH
311,2022-08-01 14:46:31.582000+00:00,2022-08-01 14:56:50.069000+00:00,47..6751058,-117..3912224,47..6674916,-117..4013179,1860,IN_PASSENGER_VEHICLE,HIGH
312,2022-08-02 00:00:18.063000+00:00,2022-08-02 00:11:02.080000+00:00,47..6665739,-117..4007121,47..6747260,-117..3906927,1553,IN_PASSENGER_VEHICLE,HIGH
313,2022-08-02 00:30:09.274000+00:00,2022-08-02 00:57:52.454000+00:00,47..6749829,-117..3911859,47..7088207,-117..4111691,9326,IN_PASSENGER_VEHICLE,HIGH
314,2022-08-02 01:18:32.067000+00:00,2022-08-02 01:28:28.093000+00:00,47..7091711,-117..4110738,47..6953575,-117..3740974,4183,IN_PASSENGER_VEHICLE,HIGH
315,2022-08-02 01:33:24.053000+00:00,2022-08-02 01:38:53.981000+00:00,47..6953742,-117..3743224,47..6747837,-117..3909298,2752,IN_PASSENGER_VEHICLE,HIGH
316,2022-08-02 15:48:11+00:00,2022-08-02 15:54:43.318000+00:00,47..6747381,-117..3911192,47..6676904,-117..4009042,1431,IN_PASSENGER_VEHICLE,MEDIUM
317,2022-08-02 22:58:50.872000+00:00,2022-08-02 23:05:01+00:00,47..6676698,-117..4015044,47..6694272,-117..4014089,307,WALKING,MEDIUM
318,2022-08-02 23:05:01+00:00,2022-08-02 23:14:28+00:00,47..6694272,-117..4014089,47..6572675,-117..3623357,5345,IN_PASSENGER_VEHICLE,HIGH
319,2022-08-02 23:25:37+00:00,2022-08-02 23:28:59+00:00,47..6573735,-117..3594383,47..6581061,-117..3387540,1683,IN_PASSENGER_VEHICLE,HIGH
320,2022-08-02 23:41:48+00:00,2022-08-02 23:52:57+00:00,47..6580710,-117..3392336,47..6744221,-117..3903437,5466,IN_PASSENGER_VEHICLE,HIGH
321,2022-08-03 15:48:23.250000+00:00,2022-08-03 15:56:42+00:00,47..6748694,-117..3910005,47..6676854,-117..4010864,1771,IN_PASSENGER_VEHICLE,HIGH
322,2022-08-03 22:55:52.550000+00:00,2022-08-03 23:08:57.234000+00:00,47..6668953,-117..4013728,47..6747998,-117..3908838,1823,IN_PASSENGER_VEHICLE,MEDIUM
323,2022-08-04 15:31:32+00:00,2022-08-04 15:34:37.014000+00:00,47..6747878,-117..3911855,47..6750897,-117..4106762,1477,IN_PASSENGER_VEHICLE,HIGH
324,2022-08-04 15:54:19.954000+00:00,2022-08-04 15:59:43.797000+00:00,47..6743684,-117..4108689,47..6676267,-117..4012440,1438,IN_PASSENGER_VEHICLE,HIGH
325,2022-08-04 22:53:01.338000+00:00,2022-08-04 23:08:03.507000+00:00,47..6665838,-117..4008460,47..6748844,-117..3912855,1750,IN_PASSENGER_VEHICLE,HIGH
326,2022-08-05 02:02:29+00:00,2022-08-05 02:12:46.555000+00:00,47..6748358,-117..3912804,47..7010790,-117..3782842,3965,IN_PASSENGER_VEHICLE,HIGH
327,2022-08-05 02:26:24+00:00,2022-08-05 02:28:08+00:00,47..7005688,-117..3783832,47..6899622,-117..3790175,1199,IN_PASSENGER_VEHICLE,HIGH
328,2022-08-05 02:32:57+00:00,2022-08-05 02:36:50+00:00,47..6888910,-117..3785438,47..6756751,-117..3903542,2022,IN_PASSENGER_VEHICLE,HIGH
329,2022-08-05 15:51:17.299000+00:00,2022-08-05 15:59:07.273000+00:00,47..6748517,-117..3913560,47..6669091,-117..4010413,1611,IN_PASSENGER_VEHICLE,MEDIUM
330,2022-08-05 22:58:14.288000+00:00,2022-08-06 01:28:13+00:00,47..6675660,-117..4014753,47..7404716,-117..4279796,12354,IN_PASSENGER_VEHICLE,MEDIUM
331,2022-08-06 05:24:06+00:00,2022-08-06 05:39:22+00:00,47..7405573,-117..4278316,47..6747887,-117..3911093,10719,IN_PASSENGER_VEHICLE,HIGH
332,2022-08-06 21:12:57.687000+00:00,2022-08-06 21:25:36.034000+00:00,47..6750838,-117..3912198,47..6463442,-117..3900466,4073,IN_PASSENGER_VEHICLE,HIGH
333,2022-08-06 22:14:57.053000+00:00,2022-08-06 23:33:32.456000+00:00,47..6477047,-117..3893371,48..2722885,-116..5493725,103724,IN_PASSENGER_VEHICLE,HIGH
334,2022-08-07 01:53:36.563000+00:00,2022-08-07 01:57:51.412000+00:00,48..2723074,-116..5494005,48..2646743,-116..5594198,1184,IN_PASSENGER_VEHICLE,HIGH
335,2022-08-07 05:08:28.021000+00:00,2022-08-07 06:44:37.834000+00:00,48..2652508,-116..5585077,47..6750940,-117..3912294,102919,IN_PASSENGER_VEHICLE,HIGH
336,2022-08-07 19:41:06.354000+00:00,2022-08-07 20:07:48+00:00,47..6746770,-117..3908080,47..7666289,-117..3825950,13484,IN_PASSENGER_VEHICLE,HIGH
337,2022-08-07 20:48:51.476000+00:00,2022-08-07 21:08:40+00:00,47..7666654,-117..3826451,47..8566000,-117..2754097,12855,IN_PASSENGER_VEHICLE,HIGH
338,2022-08-07 22:26:09.537000+00:00,2022-08-07 22:40:33.941000+00:00,47..8562018,-117..2755040,47..8011886,-117..3476598,8150,IN_PASSENGER_VEHICLE,HIGH
339,2022-08-07 22:47:06.238000+00:00,2022-08-07 23:01:55.564000+00:00,47..8012776,-117..3481759,47..7488236,-117..3989496,7166,IN_PASSENGER_VEHICLE,HIGH
340,2022-08-07 23:17:10.022000+00:00,2022-08-07 23:33:17.950000+00:00,47..7487821,-117..3991833,47..6748033,-117..3909841,8256,IN_PASSENGER_VEHICLE,HIGH
341,2022-08-08 15:47:47.301000+00:00,2022-08-08 15:55:07.960000+00:00,47..6750845,-117..3912215,47..6669631,-117..4008927,1388,IN_PASSENGER_VEHICLE,MEDIUM
342,2022-08-09 00:01:04.569000+00:00,2022-08-09 00:10:09.929000+00:00,47..6668341,-117..4016497,47..6722863,-117..3956036,1057,IN_PASSENGER_VEHICLE,HIGH
343,2022-08-09 00:15:03.118000+00:00,2022-08-09 00:19:03.955000+00:00,47..6722778,-117..3954531,47..6757143,-117..3921661,592,IN_PASSENGER_VEHICLE,HIGH
344,2022-08-09 15:45:10.456000+00:00,2022-08-09 15:53:16+00:00,47..6749158,-117..3910723,47..6675766,-117..4010605,1759,IN_PASSENGER_VEHICLE,HIGH
345,2022-08-10 00:07:17.807000+00:00,2022-08-10 00:17:40.925000+00:00,47..6668870,-117..4012108,47..6748354,-117..3910582,1417,IN_PASSENGER_VEHICLE,HIGH
346,2022-08-10 15:46:16.531000+00:00,2022-08-10 15:54:42+00:00,47..6748807,-117..3912628,47..6675712,-117..4008362,1479,IN_PASSENGER_VEHICLE,LOW
347,2022-08-11 00:02:25.941000+00:00,2022-08-11 00:12:23.564000+00:00,47..6668768,-117..4014517,47..6748523,-117..3909718,1500,IN_PASSENGER_VEHICLE,HIGH
348,2022-08-11 15:45:31+00:00,2022-08-11 15:55:30+00:00,47..6747825,-117..3911689,47..6673710,-117..4010448,1764,IN_PASSENGER_VEHICLE,HIGH
349,2022-08-11 22:00:36.963000+00:00,2022-08-11 22:08:38.769000+00:00,47..6670734,-117..4017701,47..6747506,-117..3906344,1650,IN_PASSENGER_VEHICLE,HIGH
350,2022-08-12 01:51:30+00:00,2022-08-12 02:06:42+00:00,47..6748375,-117..3912312,47..7395967,-117..4281408,10285,IN_PASSENGER_VEHICLE,HIGH
351,2022-08-12 02:20:53.475000+00:00,2022-08-12 02:31:08.176000+00:00,47..7407565,-117..4284936,47..7496843,-117..3964335,6685,IN_PASSENGER_VEHICLE,HIGH
352,2022-08-12 03:38:39.276000+00:00,2022-08-12 03:51:33.578000+00:00,47..7500572,-117..3963509,47..7404940,-117..4283652,6794,IN_PASSENGER_VEHICLE,HIGH
353,2022-08-12 06:19:12.551000+00:00,2022-08-12 07:23:31.918000+00:00,47..7407356,-117..4284813,47..6748477,-117..3912445,10912,IN_PASSENGER_VEHICLE,MEDIUM
354,2022-08-12 19:40:02+00:00,2022-08-12 19:52:17+00:00,47..6747948,-117..3912239,47..6610927,-117..4464212,5689,IN_PASSENGER_VEHICLE,HIGH
355,2022-08-12 20:05:44+00:00,2022-08-12 20:18:16+00:00,47..6617540,-117..4430971,47..6673955,-117..4010011,4265,IN_PASSENGER_VEHICLE,HIGH
356,2022-08-12 20:47:05.090000+00:00,2022-08-12 20:58:10+00:00,47..6677019,-117..4015207,47..7014174,-117..4095813,4338,IN_PASSENGER_VEHICLE,HIGH
357,2022-08-12 23:18:41.086000+00:00,2022-08-12 23:37:50+00:00,47..7021075,-117..4091216,47..6747871,-117..3906814,5661,IN_PASSENGER_VEHICLE,HIGH
358,2022-08-13 01:38:03.467000+00:00,2022-08-13 02:52:07.291000+00:00,47..6747573,-117..3909960,47..8560977,-117..2754508,26251,IN_PASSENGER_VEHICLE,HIGH
359,2022-08-13 03:20:43.385000+00:00,2022-08-13 04:13:20.389000+00:00,47..8562593,-117..2756483,47..6747751,-117..3905676,22070,IN_PASSENGER_VEHICLE,HIGH
360,2022-08-14 01:08:02.334000+00:00,2022-08-14 01:24:07+00:00,47..6748260,-117..3907931,47..6438752,-117..4103693,5487,IN_PASSENGER_VEHICLE,HIGH
361,2022-08-14 03:29:46+00:00,2022-08-14 03:41:20+00:00,47..6451787,-117..4110853,47..6748346,-117..3911600,4849,IN_PASSENGER_VEHICLE,HIGH
362,2022-08-14 21:45:44+00:00,2022-08-14 22:01:40+00:00,47..6747959,-117..3912005,47..6572662,-117..4446536,6845,IN_PASSENGER_VEHICLE,HIGH
